Region,Country,TrialDate,Confirmed_1,Deaths_1,Recovered_1,Confirmed_2,Deaths_2,Recovered_2,Confirmed_3,Deaths_3,Recovered_3,Confirmed_4,Deaths_4,Recovered_4,Confirmed_5,Deaths_5,Recovered_5,Confirmed_6,Deaths_6,Recovered_6,Confirmed_7,Deaths_7,Recovered_7,Confirmed_8,Deaths_8,Recovered_8,Confirmed_9,Deaths_9,Recovered_9,Confirmed_10,Deaths_10,Recovered_10,Confirmed_11,Deaths_11,Recovered_11,Confirmed_12,Deaths_12,Recovered_12,Confirmed_13,Deaths_13,Recovered_13,Confirmed_14,Deaths_14,Recovered_14,Confirmed_15,Deaths_15,Recovered_15,Confirmed_16,Deaths_16,Recovered_16,Confirmed_17,Deaths_17,Recovered_17,Confirmed_18,Deaths_18,Recovered_18,Confirmed_19,Deaths_19,Recovered_19,Confirmed_20,Deaths_20,Recovered_20,Confirmed_21,Deaths_21,Recovered_21,Confirmed_22,Deaths_22,Recovered_22,Confirmed_23,Deaths_23,Recovered_23,Confirmed_24,Deaths_24,Recovered_24,Confirmed_25,Deaths_25,Recovered_25,Confirmed_26,Deaths_26,Recovered_26,Confirmed_27,Deaths_27,Recovered_27,Confirmed_28,Deaths_28,Recovered_28,Confirmed_29,Deaths_29,Recovered_29,Confirmed_30,Deaths_30,Recovered_30
Alabama,US,04/08/2020,21440,67,,23383,201,,28140,268,,31222,268,,36314,335,,42344,268,,46967,469,,54270,737,,66464,536,,69412,737,,79261,804,,89110,670,,97217,938,,108138,1273,,120131,1340,,138288,1474,,148338,1608,,162475,1943,,175272,2211,,198789,2345,,215941,2948,,238587,3149,,259692,3484,,293594,4221,,317580,4288,,342906,4824,,381565,5494,,408298,6097,,451379,5963,,479385,6566,
Alaska,US,04/08/2020,1305,0,,1305,29,,1827,29,,1769,0,,2030,29,,2436,29,,2639,29,,3364,29,,3364,29,,3799,29,,4234,87,,5075,58,,5626,116,,5481,58,,6554,58,,7685,87,,8468,87,,9280,116,,9831,87,,11107,116,,11136,145,,13079,203,,12383,145,,16414,203,,17139,174,,19633,203,,21489,174,,25085,232,,28594,319,,35032,348,
Arizona,US,04/08/2020,10095,135,,10650,120,,12030,165,,13485,210,,16470,225,,17280,210,,19635,285,,20370,270,,23895,300,,26535,420,,29895,420,,31215,420,,36435,540,,38955,600,,42930,510,,46725,630,,52155,765,,56370,735,,60120,825,,64350,915,,70065,960,,72255,1095,,75675,1095,,79965,1065,,82785,1350,,83430,1485,,85650,1515,,85650,1710,,85110,1545,,88965,1875,
Arkansas,US,04/08/2020,15375,0,,16500,225,,19650,150,,21150,300,,23025,375,,26775,300,,30450,375,,33075,525,,37425,525,,41925,525,,44475,525,,53475,600,,59100,675,,65025,750,,67350,900,,66525,825,,77025,1125,,80850,1050,,83100,1050,,97500,1275,,100575,1275,,106575,1200,,116175,1650,,114975,2025,,125625,1725,,126000,2175,,142500,1950,,147825,2175,,160500,2475,,168750,2850,
California,US,04/08/2020,642350,6670,,752840,8352,,869014,9744,,988088,10730,,1112730,12122,,1251118,14732,,1381850,16414,,1552544,19314,,1726428,20938,,1901124,23780,,2103660,25636,,2294422,29058,,2475034,31900,,2689924,36888,,2894258,39092,,3155548,41644,,3370380,44080,,3610384,48720,,3789256,52664,,4009366,55506,,4215498,57826,,4401620,63974,,4575156,67222,,4750316,67686,,4903436,73718,,5028716,75458,,5167974,77140,,5241286,77894,,5367146,83462,,5394116,81722,
Colorado,US,04/08/2020,143552,1856,,166208,2368,,179392,2304,,204544,3136,,221248,3200,,245568,3520,,269120,4032,,298752,3904,,324224,4544,,349248,5056,,379840,4928,,400000,5760,,416512,6400,,446080,6336,,456320,6976,,482112,7616,,493760,8576,,520640,8896,,535808,8832,,549952,9536,,559936,10112,,582848,9664,,594688,10112,,607488,10752,,616192,10688,,620672,10496,,613184,10752,,629632,11584,,626880,10880,,634432,11712,
Connecticut,US,04/08/2020,13960,192,,15712,216,,16752,240,,18320,256,,20120,328,,22712,360,,24400,408,,27496,432,,30424,480,,33744,512,,36728,528,,37936,632,,38152,656,,40520,784,,41104,760,,42608,784,,46160,896,,48456,1056,,52208,1088,,53672,1088,,56656,1160,,58400,1144,,61672,1208,,62560,1408,,66224,1320,,67288,1312,,69408,1512,,73872,1376,,74896,1416,,77592,1496,
Delaware,US,04/08/2020,636,9,,810,9,,924,12,,975,12,,1191,12,,1356,15,,1533,21,,1719,18,,1812,21,,2049,24,,2304,21,,2364,30,,2532,36,,2793,45,,2988,39,,3159,39,,3330,45,,3636,54,,3894,48,,4104,60,,4329,45,,4596,78,,4722,54,,4977,72,,5130,72,,5349,75,,5322,84,,5385,87,,5580,96,,5640,96,
District of Columbia,US,04/08/2020,318,5,,342,5,,342,5,,385,5,,418,6,,438,7,,457,6,,505,6,,523,7,,526,7,,547,11,,552,8,,614,8,,582,13,,657,12,,636,8,,660,12,,700,10,,697,12,,756,12,,727,11,,717,10,,778,9,,784,16,,766,12,,748,11,,786,11,,734,11,,739,10,,712,10,
Florida,US,04/08/2020,367160,4623,,429872,5628,,500356,6499,,560924,7169,,637170,8710,,704103,9648,,792275,11457,,886678,12730,,977597,14204,,1100341,16750,,1201377,17956,,1311860,19497,,1410618,22512,,1550179,22646,,1682839,26532,,1825549,27939,,1951241,31490,,2121019,33902,,2254081,36314,,2386607,39262,,2535481,41473,,2627137,44689,,2793029,48106,,2899425,49312,,2998987,51456,,3132853,54806,,3218211,57821,,3268193,59027,,3371842,58156,,3384371,64186,
Georgia,US,04/08/2020,570015,6042,,651105,7791,,727584,7791,,810423,10176,,918702,10653,,1019508,12084,,1122858,13992,,1242108,14469,,1382505,15741,,1541664,19080,,1689216,20511,,1820232,22737,,1956018,25281,,2069544,28461,,2263206,32277,,2436357,34344,,2598696,37365,,2715402,39750,,2879172,43566,,2971233,47064,,3160443,46905,,3244872,51039,,3396240,52629,,3532821,56604,,3602781,60420,,3732366,62010,,3829038,62805,,3919032,64395,,3995988,65826,,4104744,73299,
Hawaii,US,04/08/2020,965,15,,1040,15,,1215,15,,1405,20,,1455,20,,1645,30,,1650,25,,2055,30,,2275,35,,2230,35,,2655,50,,2975,45,,3005,60,,3400,45,,3730,45,,3980,45,,4360,65,,4575,60,,4920,55,,5005,70,,5475,80,,6055,90,,6130,65,,6595,90,,7060,105,,7370,95,,7465,110,,8350,120,,8420,135,,9220,105,
Idaho,US,04/08/2020,264,0,,264,0,,264,0,,264,0,,440,0,,440,0,,396,0,,484,0,,660,0,,572,0,,660,0,,968,0,,1012,0,,880,0,,836,0,,1100,0,,1144,0,,1232,0,,1628,0,,1584,0,,1804,0,,1628,0,,1892,0,,2464,0,,2596,44,,2772,0,,3476,0,,3388,0,,3872,44,,4620,0,
Illinois,US,04/08/2020,227868,2346,,261222,2958,,289170,2958,,330786,3162,,374340,4692,,401064,4794,,436356,4896,,494904,4692,,550698,6324,,609960,6222,,662082,6426,,715836,8058,,753576,8058,,811614,9894,,884442,9690,,942276,10812,,991848,11832,,1064574,11934,,1138626,12240,,1189422,13260,,1262658,13668,,1317432,16218,,1373328,15810,,1470942,17544,,1510212,17952,,1578960,19584,,1621494,20298,,1686468,22542,,1763682,22236,,1812540,24888,
Indiana,US,04/08/2020,95588,736,,109388,920,,120336,1012,,135700,1380,,158700,1748,,187036,1932,,200468,1932,,226228,2576,,252540,2668,,280232,3312,,305716,3036,,342240,3772,,379776,4324,,409308,4416,,435068,4876,,473156,6716,,512624,6348,,548228,6716,,579140,7728,,615664,8464,,667000,9568,,716036,9660,,761392,11592,,806380,10948,,861120,12880,,909696,13984,,960664,14260,,1006848,17112,,1060668,17848,,1092408,18216,
Iowa,US,04/08/2020,48015,495,,57321,594,,69399,495,,76725,693,,87813,792,,104148,1188,,125730,1089,,138303,1584,,167409,1881,,191862,2178,,217206,2178,,240867,2376,,261162,2475,,286605,2970,,302940,4059,,338382,4356,,366597,5247,,380754,5049,,414018,5049,,444510,6534,,471834,6633,,498861,6534,,539550,8514,,544005,8019,,572517,8712,,602019,9009,,646074,9801,,654885,11484,,692307,11286,,712503,11880,
Kansas,US,04/08/2020,27510,210,,30765,315,,32865,420,,39795,315,,45885,735,,51975,315,,59850,630,,64050,630,,69510,945,,77595,945,,84420,1050,,91875,945,,105735,1365,,111720,1575,,110145,1260,,121275,1785,,133770,1680,,139545,1785,,136290,2205,,152145,2205,,161070,2415,,171045,1890,,171255,2625,,185010,2835,,190680,2520,,212835,3150,,216090,2835,,220080,3045,,237300,3570,,255360,2940,
Kentucky,US,04/08/2020,81840,600,,89760,1080,,105360,1080,,122520,1080,,141480,1320,,166320,1800,,194040,1800,,217920,2400,,251040,2400,,283440,3360,,321480,3240,,359280,4200,,403440,4440,,437640,4680,,475320,5640,,527520,6840,,560280,7920,,599040,7920,,656160,9480,,706920,10320,,739920,8880,,810480,11160,,853320,11520,,923520,12240,,969000,14520,,1042080,14760,,1087680,13920,,1117680,15360,,1187400,16920,,1252920,18360,
Louisiana,US,04/08/2020,253120,2816,,284992,3200,,308864,4096,,339200,3776,,368704,4480,,388352,5696,,424960,6016,,460864,6464,,499584,6336,,533632,7680,,556352,8512,,592960,8512,,615424,8192,,658816,10880,,675392,11072,,707200,10688,,723584,11072,,735552,11712,,735808,12160,,746752,11968,,753088,12480,,763776,13632,,778432,12864,,781312,13632,,783872,13760,,790208,14656,,793856,13824,,806656,14336,,820224,15680,,820160,15296,
Maine,US,04/08/2020,2928,0,,3584,16,,3984,32,,4560,64,,5312,32,,6176,80,,7600,96,,7744,96,,9248,128,,10960,128,,12128,176,,13552,176,,15360,272,,17600,272,,20368,288,,22496,368,,23520,320,,25952,352,,27936,464,,31136,512,,31728,528,,35552,576,,37648,656,,41200,864,,45104,848,,45744,880,,50112,864,,54896,880,,56880,1008,,59120,1168,
Maryland,US,04/08/2020,31920,408,,36144,528,,40536,504,,43872,528,,48456,648,,52968,720,,57552,888,,59232,984,,66408,984,,69816,1032,,75144,1128,,81144,1224,,84864,1416,,94896,1680,,100392,1656,,109296,1800,,120264,1944,,125784,1944,,137832,2088,,148008,2328,,162264,2640,,171264,2616,,178608,2880,,195720,2808,,205344,3312,,217560,3600,,230424,3504,,236256,4008,,242832,4272,,250392,4536,
Massachusetts,US,04/08/2020,28364,420,,31234,476,,32802,532,,37016,504,,38346,630,,41496,630,,44562,714,,47474,770,,49196,938,,53802,952,,58996,1022,,63028,1190,,66094,1106,,70224,1190,,75544,1274,,79968,1372,,87122,1442,,90748,1638,,97006,1596,,101388,1722,,105868,1988,,111006,1778,,115710,2016,,120036,1876,,125496,2100,,126728,2422,,132146,2338,,131740,2310,,135814,2282,,138726,2520,
Michigan,US,04/08/2020,125081,1577,,142096,1743,,155708,2158,,171644,2407,,195631,2324,,212148,2988,,240202,2905,,264023,3735,,300626,4067,,337976,4316,,364868,4814,,392922,5312,,426371,6806,,461397,6059,,509869,7719,,550954,6972,,583158,8549,,632294,8881,,700769,11122,,730649,11952,,792484,12367,,823111,14359,,869923,13197,,924288,17015,,975250,17596,,1046381,15936,,1070866,18426,,1142744,19422,,1190386,20501,,1255043,21746,
Minnesota,US,04/08/2020,56289,348,,67686,696,,75603,696,,89349,1044,,102921,1044,,117798,1566,,138069,1479,,153120,1827,,183396,2001,,204189,2349,,231159,2610,,255432,3306,,291798,3654,,315723,3915,,340518,4959,,370359,4785,,415425,6699,,443091,6351,,484590,7047,,524523,7569,,570024,8091,,609783,8265,,661461,9744,,714270,11397,,772473,10440,,835722,11658,,880005,11571,,908889,14007,,945690,15660,,1007373,16182,
Mississippi,US,04/08/2020,30668,82,,34850,246,,42558,246,,49364,328,,57892,410,,65354,574,,76670,820,,88232,902,,102500,902,,114882,1148,,138416,1394,,156374,1476,,174168,2296,,198358,2788,,214594,2624,,240014,3280,,269206,4100,,304466,3772,,329640,4264,,369738,5248,,405572,5002,,445342,5166,,490196,5822,,522832,6314,,555714,7134,,569736,7544,,607538,9102,,629350,9266,,636648,10168,,678632,10578,
Missouri,US,04/08/2020,47495,345,,54855,345,,61295,575,,64170,575,,76130,690,,84870,690,,97520,1035,,104995,1035,,121095,1380,,140990,1265,,146855,1725,,155135,1840,,169625,2185,,195270,2415,,211830,2875,,231955,2875,,243570,3105,,263580,4025,,289110,4485,,322460,4485,,349830,4830,,371450,5405,,413885,6440,,461265,5980,,492430,6900,,548665,7590,,590755,8280,,633650,9890,,705410,10120,,757275,11500,
Montana,US,04/08/2020,10584,56,,13328,112,,15120,112,,18928,168,,22008,224,,26320,224,,31360,392,,37856,392,,42560,672,,51184,616,,59976,616,,67480,784,,77504,1064,,85512,1064,,98896,1288,,108360,1400,,121744,1624,,129024,1904,,145376,2128,,157416,2296,,169624,2520,,186256,3192,,195552,2688,,202272,3248,,216048,3080,,234192,3192,,240296,4256,,248808,3976,,262080,4144,,264880,4480,
Nebraska,US,04/08/2020,33108,465,,37665,465,,40269,558,,50871,651,,59427,558,,63705,651,,69192,837,,72447,1116,,83886,1116,,96720,1302,,106020,1209,,108438,1488,,122946,1674,,130758,2232,,144336,1767,,137454,2511,,156054,1953,,165540,2511,,167865,2511,,172143,2976,,179862,2697,,182001,2976,,189813,3162,,195765,3162,,206088,2976,,205809,3441,,204135,3627,,208878,3720,,221154,4092,,225618,4092,
Nevada,US,04/08/2020,12818,119,,14977,170,,17000,187,,18921,204,,21590,272,,25840,272,,29614,357,,33218,391,,35955,408,,40749,459,,43095,544,,47702,578,,51952,731,,56933,731,,60027,782,,69802,969,,71026,1020,,74766,1190,,83640,1241,,89012,1258,,92871,1241,,102051,1428,,107185,1513,,112948,1836,,117878,1683,,123726,1785,,126361,1989,,130492,1904,,131444,2006,,132039,2159,
New Hampshire,US,04/08/2020,5520,80,,6240,90,,7010,100,,7900,120,,8820,110,,9830,160,,10450,170,,11570,200,,12980,240,,13800,230,,15190,300,,16390,310,,17720,320,,19620,400,,20000,400,,22020,410,,23340,430,,24010,520,,26070,490,,27540,560,,29510,540,,31220,590,,32030,610,,33490,670,,34680,650,,35260,660,,36020,610,,37590,710,,37830,730,,35760,760,
New Jersey,US,04/08/2020,125223,1575,,135849,1827,,154350,1911,,170226,2247,,182343,2415,,197316,2709,,215460,2919,,235326,3465,,251433,3738,,263256,3906,,285327,3927,,306810,4242,,323631,5082,,346731,4935,,364308,5502,,393834,5607,,415863,6573,,434595,7056,,450807,6783,,472962,7035,,491085,7476,,508494,8148,,523425,7938,,533589,8568,,551103,8631,,560784,9156,,565908,9366,,569667,9681,,572439,9555,,574518,9891,
New Mexico,US,04/08/2020,15279,198,,17424,264,,20955,264,,22011,297,,28512,297,,31119,528,,39534,528,,43428,462,,49995,561,,56661,693,,60621,891,,69630,1023,,74250,1056,,79992,990,,80124,1221,,87945,1155,,91476,1584,,99165,1386,,101871,1551,,106623,1881,,114510,1815,,120153,1749,,126555,1914,,128370,1782,,129789,2112,,132528,2211,,134508,2211,,137214,2178,,135894,2277,,136686,2178,
New York,US,04/08/2020,801350,13764,,849400,15748,,911586,18166,,939982,20150,,1003470,22072,,1061750,23436,,1117488,25792,,1173784,28830,,1252462,30566,,1302496,31434,,1383158,34286,,1452474,37820,,1493580,36890,,1565934,41230,,1652858,43090,,1742510,46500,,1820072,49042,,1917474,51646,,2005018,54808,,2084688,54436,,2193994,57908,,2251654,61318,,2343972,64790,,2425378,66154,,2528856,67022,,2601148,72664,,2710702,73098,,2770966,77562,,2831912,81406,,2882256,83142,
North Carolina,US,04/08/2020,76100,600,,86700,600,,101500,800,,116700,1200,,124900,1300,,142300,1300,,159700,1400,,178800,1800,,199200,2100,,223400,2400,,242300,2700,,265000,2900,,296600,3200,,324100,3100,,357300,3800,,392100,4900,,425200,5400,,462700,6000,,495200,5800,,543900,7500,,581800,7000,,629900,8400,,687000,9700,,729200,9500,,787500,11000,,856100,13200,,909500,13400,,986500,16400,,1061700,15700,,1142200,16700,
North Dakota,US,04/08/2020,4240,53,,5353,0,,7102,53,,9169,53,,11660,106,,13674,106,,16801,159,,23638,159,,28249,212,,36676,318,,42506,212,,48389,424,,52576,636,,59837,689,,64342,742,,72186,795,,76479,954,,81249,901,,84853,1113,,87026,1166,,93227,1590,,96725,1431,,101813,1325,,103880,1484,,103456,1590,,104410,1484,,104940,1431,,104357,1643,,98315,1378,,104198,1272,
Ohio,US,04/08/2020,61688,704,,73832,792,,82544,880,,93896,1320,,95216,1144,,113520,1584,,121352,1584,,136576,1848,,150304,1936,,173888,2288,,186208,2904,,201608,2728,,218240,3784,,232496,3784,,258368,4400,,274472,4576,,297616,5544,,319440,5192,,341792,6072,,362208,6864,,395824,6248,,424160,7744,,452232,8272,,475288,8448,,514800,8888,,528880,9680,,550000,10912,,586080,10736,,629200,11616,,645480,11880,
Oklahoma,US,04/08/2020,19712,231,,22561,308,,27258,231,,31801,231,,36421,231,,41888,308,,48433,539,,53515,539,,65450,616,,70763,693,,79618,770,,92477,1078,,98637,1001,,115654,1155,,125818,1386,,135289,1617,,149457,1617,,167783,1694,,187418,2310,,194964,2387,,226688,2695,,240702,2849,,271271,3542,,303842,3927,,325171,3850,,363594,4620,,398398,5005,,428890,5467,,456302,5236,,487333,6853,
Oregon,US,04/08/2020,64188,792,,77868,900,,90648,1116,,106776,1404,,122256,1584,,141948,1728,,163044,2268,,186120,2484,,219888,2664,,248976,3204,,279288,3816,,303804,4212,,332028,5400,,359604,5760,,391248,6156,,421200,7416,,460044,8136,,484632,8352,,504612,8352,,532620,10044,,550044,9540,,568332,9396,,583704,10548,,605232,10368,,619812,10836,,632268,11088,,630108,10908,,625824,10764,,624276,10260,,633528,10944,
Pennsylvania,US,04/08/2020,138020,1541,,156780,1876,,181034,2144,,205154,2613,,224986,3283,,251250,3350,,268938,3752,,294934,3953,,318987,4154,,342705,4623,,369773,5092,,406690,6432,,432887,6365,,468933,7236,,510138,7772,,547524,7906,,593553,8308,,627455,8978,,676968,10385,,717369,10787,,781622,11591,,840582,12730,,897130,13534,,948854,14740,,1011097,15276,,1068449,15812,,1141881,17822,,1203186,19162,,1254173,20435,,1305294,20234,
Rhode Island,US,04/08/2020,1960,25,,2245,30,,2750,35,,2820,45,,3400,35,,3850,45,,4275,50,,4775,70,,5495,60,,6330,105,,6455,95,,7315,100,,8070,130,,9310,120,,9860,120,,10595,175,,12360,155,,12910,180,,13415,190,,14875,205,,15755,220,,16925,245,,18775,245,,19530,290,,19875,310,,21180,325,,21885,330,,23250,370,,23595,380,,23975,385,
South Carolina,US,04/08/2020,41216,506,,48438,506,,54648,598,,64170,736,,73462,966,,81926,1012,,90804,1196,,100924,1196,,114586,1288,,128110,1610,,139242,1610,,153594,2116,,168544,2898,,184368,2576,,199180,2760,,213624,3220,,226872,3036,,242558,3542,,257048,4186,,271124,4462,,291916,5014,,303232,4738,,321264,5290,,340216,5474,,358340,6026,,371220,6486,,389988,6210,,409538,6670,,422464,7268,,439116,7774,
South Dakota,US,04/08/2020,31086,396,,35442,396,,41118,462,,47586,594,,57816,924,,64614,726,,75768,924,,88242,1386,,101970,1320,,107250,1452,,126060,1584,,134706,1914,,146520,2508,,153780,2904,,155958,3168,,158466,3498,,172128,3828,,172722,3168,,177606,3762,,179850,4356,,182688,4488,,184008,3894,,186648,3696,,191334,4092,,199650,3696,,201498,3894,,204402,3960,,202818,3762,,203742,3630,,210342,4224,
Tennessee,US,04/08/2020,76380,760,,91390,760,,99750,760,,114285,1140,,127490,1330,,144210,1995,,160740,1520,,179550,1995,,201590,2470,,219450,2090,,242915,2945,,268280,3325,,295165,3610,,325375,3610,,346370,5035,,387980,4655,,408500,5985,,438805,6460,,480415,6175,,524780,6460,,571045,7505,,628805,8360,,695590,9120,,758860,9500,,839135,10545,,903640,11875,,978785,13110,,1074735,15105,,1137625,16340,,1221415,18050,
Texas,US,04/08/2020,376428,4064,,415036,4318,,482092,5080,,516890,5080,,598932,6858,,629666,7112,,687324,8128,,755396,8128,,827278,9652,,940816,11430,,1001268,10922,,1116330,13208,,1204214,14478,,1319022,16002,,1446276,18034,,1593596,20066,,1723390,21082,,1883156,23114,,2037080,27940,,2292350,27686,,2450338,30734,,2693924,30988,,2921508,38862,,3234182,42672,,3509010,47498,,3771138,48768,,4144010,53848,,4515358,61214,,4853178,63246,,5254752,69850,
Utah,US,04/08/2020,10846,87,,11832,87,,13920,116,,15283,145,,15718,174,,18386,174,,19604,232,,22968,203,,25462,261,,26738,261,,29812,319,,31436,348,,35148,406,,38251,435,,41934,493,,45501,464,,49677,493,,52432,580,,57913,696,,60059,754,,65279,754,,68962,957,,71398,899,,77198,1073,,82244,1189,,88073,1450,,93322,1305,,97353,1450,,106778,1421,,108257,1537,
Vermont,US,04/08/2020,3458,14,,4354,28,,5460,42,,5824,56,,7154,56,,8386,84,,9646,70,,10290,112,,11242,112,,12698,140,,13818,140,,14196,154,,14266,182,,15190,252,,15792,266,,17584,308,,18354,294,,19544,322,,19572,322,,21294,420,,22778,476,,23646,462,,24318,518,,25746,448,,28238,532,,27958,560,,29680,546,,30954,616,,31122,630,,32970,630,
Virginia,US,04/08/2020,179417,1197,,200165,1596,,234878,1862,,269724,2926,,302309,2793,,338884,4256,,397537,3990,,433447,5054,,488642,6517,,545566,6783,,619514,7714,,670187,9576,,746130,10108,,822206,12502,,884982,13965,,937384,15960,,1026494,17556,,1084349,18221,,1176784,19950,,1240225,20615,,1318030,21945,,1383200,23541,,1461803,25403,,1547189,28728,,1624196,27797,,1665958,30723,,1745226,31654,,1828883,33915,,1877029,34181,,1981434,34314,
Washington,US,04/08/2020,390702,3432,,448617,4446,,522717,4680,,579228,5421,,656916,6591,,742404,7644,,811824,8151,,904683,9867,,994929,11271,,1086501,12636,,1183650,13728,,1273662,14898,,1371201,16185,,1436877,17628,,1518738,19578,,1597674,21528,,1672749,22581,,1721967,23790,,1753635,24492,,1810536,26754,,1855503,26598,,1896297,28197,,1932489,28782,,1947387,30381,,1934127,29133,,1923051,29250,,1903746,29250,,1891305,30732,,1890096,30849,,1864434,29484,
West Virginia,US,04/08/2020,1705,0,,1925,0,,2310,0,,2585,0,,3740,0,,3905,0,,4345,0,,5335,0,,6380,0,,7755,0,,8470,55,,9790,55,,12155,110,,12265,165,,13420,165,,16940,165,,16225,220,,21835,275,,20625,385,,23705,330,,26730,275,,29480,275,,32010,495,,31900,330,,34705,770,,34650,715,,39050,715,,40810,990,,41635,660,,44055,880,
Wisconsin,US,04/08/2020,78552,936,,95976,1008,,108504,1080,,126792,1224,,143712,1512,,167400,1656,,192528,2016,,209880,2232,,238680,3024,,260568,3312,,293400,4032,,331920,4536,,357624,4680,,400824,6120,,414144,6336,,461664,6912,,512280,7560,,536112,8208,,579456,9576,,611352,10008,,657936,10080,,698760,10800,,727776,11304,,771984,12528,,803016,13896,,826632,12960,,862272,14904,,873000,14400,,918072,15840,,922536,16416,
Wyoming,US,04/08/2020,4738,46,,6302,46,,7429,69,,8878,115,,11109,92,,12558,138,,15479,161,,17434,161,,21068,253,,23253,230,,25576,345,,27347,368,,28221,391,,29831,414,,30107,437,,33097,506,,33534,575,,33442,598,,32729,667,,34247,621,,34454,621,,34224,598,,33672,667,,35650,667,,34109,736,,34431,644,,35512,598,,36340,644,,35167,644,,35696,598,
Alabama,US,04/11/2020,39262,536,,43416,603,,48977,670,,53332,804,,59563,804,,65459,1005,,71154,1139,,79194,938,,89512,1474,,96413,1273,,105056,1474,,114369,1608,,125558,1541,,138087,2010,,146797,2211,,163145,2077,,182039,2345,,195238,2680,,211251,3015,,227599,3350,,253796,3618,,271752,4020,,301500,3819,,320595,5896,,345854,5092,,383441,6097,,408633,6834,,435902,7839,,459084,7906,,502098,8777,
Alaska,US,04/11/2020,4437,87,,5365,87,,5916,116,,6380,87,,6525,87,,7743,116,,8410,116,,9889,145,,9976,145,,11136,174,,12035,174,,12702,203,,14210,203,,16153,174,,16066,203,,18415,319,,20735,348,,22997,319,,23142,290,,24273,377,,28652,406,,28188,348,,31233,580,,33814,406,,36337,522,,37758,522,,39991,638,,44370,667,,48401,667,,52548,667,
Arizona,US,04/11/2020,34890,495,,39450,465,,46245,555,,52650,645,,59220,660,,66300,795,,73035,855,,78525,945,,87285,1110,,95550,1215,,103650,1335,,111750,1470,,119925,1560,,126180,1755,,130320,1800,,141405,2115,,145980,2100,,149760,2400,,153495,2220,,153840,2580,,158145,2745,,158985,2580,,161235,2820,,163335,2910,,161850,2700,,166785,2835,,165375,3210,,167085,3120,,171660,3210,,169215,3075,
Arkansas,US,04/11/2020,17025,150,,19350,375,,23025,300,,25125,300,,26850,300,,30375,375,,33300,525,,36825,375,,38400,450,,41025,600,,44625,600,,47550,450,,49725,525,,53400,825,,58650,600,,59625,675,,61875,750,,69450,900,,70575,825,,76125,750,,78900,1125,,80475,900,,88575,1275,,98775,1500,,99375,1200,,104400,1875,,114600,1875,,119475,2025,,129825,2100,,134925,2175,
California,US,04/11/2020,586322,8352,,654008,9628,,725638,10382,,791062,11252,,856950,12354,,905960,14500,,974922,14500,,1043710,16530,,1110758,17516,,1180764,18154,,1267068,19488,,1341772,21866,,1414388,22504,,1478710,24360,,1550746,25752,,1647954,27550,,1714306,28884,,1780484,29580,,1866266,31668,,1938070,34394,,1971594,34162,,2062016,36772,,2108242,37178,,2174072,36830,,2244078,42108,,2310662,42050,,2369764,43384,,2417904,44776,,2476310,45762,,2518476,47386,
Colorado,US,04/11/2020,238144,3840,,265856,3904,,296000,4416,,318016,4928,,349504,5248,,375872,5888,,405248,6208,,445312,6784,,477440,6976,,512960,7872,,546880,8448,,581824,8832,,619392,9408,,649408,10240,,666944,11008,,705280,11904,,731968,12992,,773696,13248,,780864,13888,,806592,14336,,831872,14592,,856320,15424,,846336,14336,,865152,15680,,887104,16320,,889280,17600,,914496,16192,,910144,16896,,919552,16768,,918400,16768,
Connecticut,US,04/11/2020,34480,528,,38776,560,,42384,680,,47520,792,,51648,752,,55096,880,,59184,1000,,62784,1104,,69240,1296,,73000,1360,,78576,1376,,83840,1472,,90168,1504,,94792,1768,,97824,1704,,102992,1792,,105144,1944,,109496,2048,,112256,2088,,115176,2224,,116832,2296,,117136,2424,,118496,2216,,118144,2360,,120480,2328,,118976,2544,,119200,2304,,115656,2472,,114168,2288,,112904,2312,
Delaware,US,04/11/2020,1002,18,,1224,18,,1368,21,,1602,27,,1641,24,,1932,30,,2040,33,,2121,39,,2520,45,,2601,48,,2784,54,,2958,48,,3183,51,,3657,63,,3681,63,,3906,81,,4086,72,,4272,90,,4338,75,,4242,93,,4701,93,,4359,87,,4452,102,,4590,108,,4464,93,,4509,114,,4596,102,,4650,126,,4731,99,,4683,105,
District of Columbia,US,04/11/2020,601,9,,647,8,,687,10,,625,11,,726,11,,713,10,,695,9,,729,11,,696,13,,749,15,,735,13,,784,12,,762,14,,785,14,,742,11,,791,19,,737,15,,834,13,,818,17,,772,15,,795,14,,796,12,,746,12,,736,17,,740,15,,731,13,,717,12,,719,15,,737,11,,729,15,
Florida,US,04/11/2020,634691,11055,,711540,12328,,798506,13601,,891837,14472,,988317,15678,,1067846,17554,,1188982,20435,,1286601,22043,,1384689,24857,,1487802,26599,,1583679,28341,,1670980,29681,,1776438,34371,,1893286,36247,,1997136,38860,,2086447,39463,,2174887,41942,,2270965,44890,,2359472,46163,,2442083,49580,,2498363,48240,,2563219,52260,,2668409,52327,,2715376,54069,,2774738,55208,,2804285,56615,,2860029,56615,,2878588,57687,,2879325,58290,,2892055,61104,
Georgia,US,04/11/2020,549345,7791,,603723,8109,,651900,8904,,705642,10335,,775602,11289,,846516,13992,,880542,13197,,983574,15423,,1047651,18126,,1144641,16377,,1203789,18285,,1281858,19716,,1358496,20511,,1425117,22419,,1488558,24009,,1551045,27507,,1644219,27348,,1716405,29733,,1790340,30369,,1876836,31482,,1959675,33072,,2049510,37842,,2119788,36570,,2196267,38796,,2260026,39114,,2360991,41340,,2433813,44679,,2504409,44520,,2585499,43884,,2617299,49608,
Hawaii,US,04/11/2020,1485,20,,1595,15,,1690,25,,1765,30,,2035,30,,2350,40,,2840,45,,2770,40,,3220,60,,3325,45,,3955,55,,4285,65,,4435,65,,4785,105,,5085,85,,5495,90,,5740,80,,6000,100,,6350,95,,6745,105,,7040,135,,7365,105,,7575,130,,7970,130,,8085,150,,8270,160,,8730,165,,9100,180,,9370,180,,9525,165,
Idaho,US,04/11/2020,1232,0,,1232,0,,1452,0,,1936,0,,1760,0,,1804,0,,2332,0,,2552,44,,2816,0,,3872,0,,3916,44,,3520,88,,5368,44,,5060,88,,5896,88,,6204,44,,6380,44,,8228,44,,8712,132,,9372,132,,9240,88,,12628,132,,12100,132,,13508,132,,14520,176,,16192,176,,16544,220,,18216,220,,20460,308,,22264,264,
Illinois,US,04/11/2020,758676,11322,,859656,12240,,938298,13362,,1039482,14382,,1124550,15402,,1210332,18870,,1289076,19074,,1401582,22134,,1462374,23358,,1545198,23460,,1616598,25296,,1677900,28662,,1748076,29274,,1852830,28968,,1854156,29580,,1935042,32538,,1985634,32946,,2033064,33354,,2068050,33864,,2103138,36822,,2139756,37536,,2163522,38658,,2168928,38352,,2215848,37944,,2197590,40392,,2228700,40494,,2253384,42534,,2268480,39678,,2265624,41310,,2283576,40902,
Indiana,US,04/11/2020,152260,2116,,172132,2300,,188968,2392,,207276,3036,,224480,2760,,248400,3036,,271032,3772,,296700,3864,,316848,4692,,345000,5060,,364044,4968,,390448,6348,,413816,6440,,429548,6624,,467544,7268,,480516,8004,,514924,8004,,540592,9292,,573068,9660,,588248,10948,,645104,11684,,689356,11408,,728364,12052,,742624,11868,,796812,13524,,832784,14168,,882832,15548,,933616,16560,,978236,16652,,1036104,17940,
Iowa,US,04/11/2020,48114,495,,52767,396,,63360,396,,67914,693,,73755,495,,85338,990,,94842,1188,,106722,891,,118008,1683,,136224,1386,,149391,1584,,162954,1584,,175527,2178,,186021,2970,,203049,2772,,216711,3267,,221463,3465,,247401,3564,,267597,4059,,278091,4257,,288783,4158,,302940,4554,,329868,4752,,338976,5049,,359766,6435,,376200,6633,,394119,6435,,416790,7029,,447777,7821,,458469,6930,
Kansas,US,04/11/2020,37905,630,,42630,735,,46620,735,,53340,945,,61320,840,,64995,945,,68880,840,,86415,840,,87360,945,,99750,1365,,108780,1260,,119280,1470,,124215,1575,,125580,2310,,136710,1890,,147630,2100,,147105,1890,,159390,2520,,174825,2415,,166215,2625,,173670,2625,,178920,2835,,183645,2940,,193200,2520,,197820,3045,,206325,3045,,208320,2940,,226380,3360,,226485,2940,,241710,3780,
Kentucky,US,04/11/2020,88320,1080,,102000,960,,118080,1080,,131400,1080,,143160,1560,,158880,1560,,177600,2160,,200400,2520,,218040,2880,,248040,3000,,272400,3120,,288840,4440,,301920,4440,,329520,4440,,345960,5160,,361920,4800,,381600,5280,,403920,6720,,423840,6000,,441480,7080,,456240,7680,,486840,7800,,505440,8160,,528360,8400,,550920,8520,,574680,9240,,589680,9240,,633480,9720,,656400,10200,,694920,11760,
Louisiana,US,04/11/2020,230912,3648,,252352,4288,,276544,4352,,306432,4864,,324992,4928,,361152,5696,,388736,6208,,411008,6528,,448960,7680,,472256,7040,,496704,8064,,534912,9408,,560832,9216,,592832,9856,,619840,11136,,650304,12032,,689856,11136,,715392,12736,,731584,12544,,758592,13248,,775040,14016,,809024,14080,,817920,14784,,826560,14592,,836800,16576,,855744,15104,,855872,16448,,881088,17792,,868544,15872,,870016,16576,
Maine,US,04/11/2020,5840,96,,6432,128,,6768,128,,8240,128,,9312,160,,10528,176,,11456,176,,13056,224,,13520,176,,14976,224,,17008,224,,18992,272,,20816,256,,22064,368,,24592,400,,25056,336,,28432,416,,29968,480,,33296,528,,36160,608,,38528,576,,40608,576,,43920,688,,46992,752,,49536,864,,53328,896,,55808,1040,,59072,1072,,59216,1024,,61296,1056,
Maryland,US,04/11/2020,41184,696,,43944,792,,48912,840,,53328,960,,56496,1056,,61464,1104,,66720,1248,,71232,1272,,75120,1392,,79800,1464,,85056,1608,,87144,1752,,91344,1680,,97152,1824,,101664,1920,,105024,1872,,111624,2256,,115440,2328,,118872,2112,,123624,2304,,126984,2424,,128184,2592,,132576,2568,,136776,2832,,139368,2688,,143448,2976,,144984,2856,,149904,3048,,151752,3048,,152520,3456,
Massachusetts,US,04/11/2020,76314,1302,,80570,1400,,88382,1442,,93184,1890,,97818,1792,,106708,1974,,111020,2156,,115304,2338,,125986,2408,,130508,2394,,137270,2688,,143206,2702,,150682,2968,,158900,2968,,162736,3136,,170758,3122,,175490,3192,,183344,3388,,186382,3458,,191926,3626,,194502,3906,,200648,3752,,197918,3696,,202328,3808,,205632,4060,,203420,4116,,203574,3906,,203196,3990,,205002,3934,,204232,3864,
Michigan,US,04/11/2020,542986,7221,,582411,8300,,636693,8798,,688900,9628,,736542,10707,,747166,10707,,803191,12865,,834980,14608,,881211,14691,,933667,15189,,970602,14857,,984048,16268,,1023888,18426,,1076925,19007,,1089458,20584,,1132618,20833,,1162913,21580,,1186236,21746,,1219934,22576,,1250810,23323,,1295215,25564,,1325261,24402,,1342276,26062,,1366014,28386,,1422869,28635,,1463788,30212,,1458559,28137,,1507944,29050,,1541808,33200,,1581814,30627,
Minnesota,US,04/11/2020,73515,870,,82911,957,,85695,1131,,105705,1218,,112230,1653,,123105,1827,,139548,2262,,149466,2262,,177393,2523,,197055,2784,,219675,3393,,239598,3480,,250386,4002,,264741,4524,,278835,4785,,296235,5133,,304326,5655,,322944,5742,,331296,5916,,342258,7134,,362616,7221,,375492,7134,,403332,7743,,412815,8178,,433695,8352,,442308,8091,,480588,8700,,485982,9744,,512169,10092,,532875,9918,
Mississippi,US,04/11/2020,38622,410,,44280,328,,51414,656,,57072,574,,59450,738,,64534,1066,,76424,984,,81262,1148,,89216,1066,,98974,1312,,113406,1558,,121114,1886,,132020,1886,,143254,2214,,156046,2378,,166214,3034,,177284,2870,,187288,2542,,205984,3116,,220990,3854,,241900,3280,,260760,3936,,272158,4100,,294872,4592,,317094,5904,,341858,6068,,358094,6068,,380234,6396,,413116,7134,,442472,8446,
Missouri,US,04/11/2020,134665,2300,,153755,2415,,161690,2760,,188255,2760,,202860,2990,,215165,3450,,237820,3795,,260590,4140,,292560,4715,,316825,4830,,326830,5175,,362710,5635,,378350,6555,,409745,6555,,419520,6325,,435735,7245,,459540,8050,,467475,8855,,493120,8280,,516005,8970,,534405,10235,,563845,10235,,574310,11270,,595240,10120,,624105,10580,,657915,11500,,688505,11960,,688620,11615,,708170,12880,,740485,13340,
Montana,US,04/11/2020,22680,280,,26656,392,,29120,448,,32648,392,,37576,448,,42112,672,,50064,672,,54376,672,,62720,840,,66304,952,,77448,952,,82936,1288,,91000,1232,,96208,1400,,103432,1792,,111720,1680,,117264,1680,,127736,1960,,126112,2240,,139160,2352,,142296,2464,,149856,2576,,161168,2128,,162064,2744,,161336,2744,,177072,2800,,181048,3192,,186200,2968,,189392,3248,,206472,3584,
Nebraska,US,04/11/2020,19344,186,,22320,93,,26412,93,,26505,279,,29481,186,,33294,465,,37014,465,,41199,558,,48174,465,,54219,465,,58032,930,,63240,651,,62403,744,,66774,744,,69657,930,,69750,1395,,69471,1302,,70959,1116,,68634,1023,,66030,1302,,68913,1395,,68169,1023,,64914,1395,,66309,1302,,68541,1209,,66402,1302,,72168,1209,,70122,1581,,71796,1395,,71796,1302,
Nevada,US,04/11/2020,8670,153,,9996,153,,10931,153,,12444,187,,13311,221,,14994,238,,16133,204,,18870,255,,20927,255,,23647,323,,25313,340,,28322,459,,31161,442,,34085,510,,36907,459,,40579,612,,45169,697,,48314,816,,51527,867,,57154,986,,60333,935,,68306,935,,70499,1139,,75837,1224,,82348,1309,,87023,1496,,92191,1547,,95540,1819,,98226,1785,,104125,1734,
New Hampshire,US,04/11/2020,6060,90,,6430,120,,7360,150,,8140,150,,9790,180,,10070,190,,11230,220,,12140,250,,14560,230,,15360,300,,16640,270,,18370,420,,18980,400,,20600,400,,22430,450,,23360,510,,24160,580,,25030,580,,26190,570,,27800,550,,28490,710,,29510,720,,30460,700,,32160,630,,32760,780,,34690,710,,33960,760,,36500,810,,36400,740,,38180,760,
New Jersey,US,04/11/2020,295722,4746,,321132,5334,,348579,5628,,376761,6132,,400050,6594,,427182,6951,,448203,7287,,473571,8190,,501060,8862,,514731,9324,,545118,9807,,551565,10395,,573090,10458,,588315,10836,,598395,11298,,610449,11802,,626808,11886,,629874,12075,,633738,12096,,634515,12684,,641970,12579,,640458,12705,,642936,12705,,636909,12600,,632898,12453,,620235,12747,,617085,12369,,606417,12033,,589113,11760,,580293,11550,
New Mexico,US,04/11/2020,14718,231,,15147,231,,17985,264,,19206,330,,21846,396,,22704,396,,26268,396,,30393,462,,32736,495,,34452,528,,39633,528,,41712,561,,43329,660,,48345,726,,51084,792,,55044,693,,59235,891,,62205,858,,67947,924,,72501,1056,,73854,1188,,80223,1155,,88275,1221,,90090,1254,,92862,1551,,94281,1683,,99231,1485,,99528,1815,,108636,1617,,109263,1947,
New York,US,04/11/2020,2542620,54188,,2733456,57598,,2895276,62930,,3059824,65782,,3178430,68510,,3327106,74958,,3422958,79298,,3547330,82832,,3639462,86986,,3703880,91016,,3766872,90830,,3808722,94364,,3863840,95604,,3857268,100006,,3895832,97774,,3888082,97588,,3866754,98146,,3863716,100998,,3870412,97216,,3799174,95914,,3758998,96720,,3699106,93248,,3650374,96844,,3603316,95976,,3562024,92380,,3467722,91512,,3426554,86862,,3351224,87668,,3305282,84320,,3217676,80972,
North Carolina,US,04/11/2020,144500,1800,,160200,2000,,176000,2100,,195600,2400,,211700,2900,,238200,3400,,261400,3600,,279100,3600,,310300,4600,,338000,4400,,362700,4700,,401900,5600,,425100,6200,,469800,6800,,518100,7400,,546700,8800,,582400,8800,,642100,9900,,695000,11100,,743700,11400,,807700,12500,,860200,14900,,913500,14400,,1007600,15400,,1065800,16900,,1159900,17000,,1227500,18900,,1313200,20300,,1415000,23200,,1476600,23600,
North Dakota,US,04/11/2020,1590,0,,1908,0,,2279,0,,2809,0,,3021,0,,3339,0,,3498,0,,4028,0,,4770,0,,5353,0,,5989,0,,6360,0,,6837,53,,6784,53,,6678,53,,7420,0,,7738,106,,9381,106,,9593,53,,9487,159,,10388,53,,11607,53,,12349,159,,15794,159,,15476,159,,16536,159,,19663,106,,21677,212,,23744,265,,25334,212,
Ohio,US,04/11/2020,137192,2728,,149776,2552,,162184,2640,,171424,3080,,186824,3520,,210760,3608,,225720,4136,,255816,4488,,273504,5104,,297880,5016,,322256,5632,,340648,6248,,364936,6512,,393536,6776,,418704,7480,,443520,8272,,462176,8536,,494120,9064,,517528,10472,,551320,10472,,580712,11176,,610896,11440,,648648,12584,,673552,13728,,701448,13376,,727496,13288,,766304,15312,,815584,14872,,831160,15840,,857648,17776,
Oklahoma,US,04/11/2020,31416,539,,35882,539,,42119,462,,48664,770,,51205,616,,59675,770,,68376,770,,76076,847,,86933,847,,93016,1463,,103257,1078,,110033,1386,,116424,1309,,126357,1540,,134442,1540,,139293,1694,,147378,2002,,153307,1848,,161700,2079,,169939,2541,,180565,2695,,192885,2310,,204897,2849,,211134,2926,,239085,3080,,251097,3157,,265342,3696,,284592,4389,,303611,4774,,322399,5159,
Oregon,US,04/11/2020,42120,648,,49500,720,,52740,792,,58716,828,,65196,1008,,72540,1224,,79956,1260,,88056,1440,,99360,1512,,107244,1476,,122868,1872,,129384,1728,,143388,2376,,155880,2520,,166536,2520,,178308,3096,,194112,3168,,202968,3564,,225216,3780,,234792,3852,,253440,4320,,269928,4500,,275076,5004,,296856,5076,,311040,5544,,323460,6264,,337572,6372,,354816,6912,,370440,6768,,389844,6912,
Pennsylvania,US,04/11/2020,329774,5494,,369773,5762,,399186,6499,,436572,7303,,472953,7638,,516436,8777,,558378,9313,,591208,10452,,617204,10854,,667253,11993,,706515,12127,,754420,13936,,782560,12663,,833815,15142,,856796,15075,,907247,14941,,923662,16214,,959239,16147,,1007278,17621,,1033475,19698,,1038366,19631,,1095584,21038,,1127342,20301,,1145432,20703,,1188848,20971,,1205397,22177,,1216251,22043,,1247540,23115,,1266099,23450,,1284725,25594,
Rhode Island,US,04/11/2020,1635,30,,1890,35,,1895,50,,2145,45,,2255,50,,2455,60,,2660,65,,2895,50,,3100,65,,3170,65,,3495,80,,3720,75,,4085,75,,4210,95,,4325,85,,4705,100,,5065,85,,5200,85,,5600,95,,5915,110,,6020,130,,6165,125,,6660,115,,6950,120,,7155,150,,7435,155,,7435,140,,7305,160,,7575,130,,7495,140,
South Carolina,US,04/11/2020,49266,644,,56764,690,,60536,874,,63296,1058,,71254,1104,,81466,1150,,87814,1426,,94254,1518,,100326,1702,,107226,1702,,116840,1932,,123004,2024,,132250,2254,,140852,2300,,152996,2898,,159482,2806,,175904,2622,,182712,2760,,196834,3220,,210910,3634,,216292,4140,,233312,4370,,245962,4324,,263810,4830,,280094,4922,,290858,5566,,313628,6578,,323886,6256,,338790,6624,,358294,6532,
South Dakota,US,04/11/2020,34584,396,,39270,396,,46662,726,,53790,528,,60852,858,,73722,858,,83160,1056,,92004,1254,,107118,1452,,113520,1386,,128832,1782,,128832,1914,,136026,2112,,138864,2508,,142230,2904,,137346,2574,,140580,2574,,135828,2574,,132066,2772,,128832,2904,,126918,3036,,117480,3168,,118866,2772,,113388,2508,,111276,2442,,104676,1980,,105270,2178,,101772,2046,,99066,1716,,99924,2112,
Tennessee,US,04/11/2020,149815,1995,,168530,2565,,183350,2660,,203965,2850,,221255,2945,,235600,3420,,255075,4180,,275405,4370,,300010,4940,,321005,4655,,344090,5225,,364230,5035,,384275,5795,,421705,6175,,436620,6745,,455905,7695,,492480,8550,,524685,8740,,551095,8360,,587385,9120,,623770,9310,,661010,10070,,707180,12065,,750880,11685,,793535,13015,,842840,14250,,886255,14250,,940405,14820,,956460,15675,,994745,17195,
Texas,US,04/11/2020,968248,12700,,1068324,13208,,1185164,14986,,1325880,16002,,1459230,19558,,1605280,19812,,1761744,20828,,1886966,21082,,2097532,24384,,2263140,28448,,2437384,30480,,2647950,30734,,2711450,35306,,2933700,39370,,3124454,40894,,3344164,44450,,3509264,46990,,3745992,52070,,3950970,49784,,4174236,56134,,4375658,59944,,4538218,59436,,4843780,67564,,5065522,72898,,5286502,71882,,5555234,77470,,5761228,81534,,5880862,85344,,6151372,83820,,6354318,86360,
Utah,US,04/11/2020,28768,319,,30682,406,,32364,406,,36076,493,,39353,638,,40455,580,,41035,638,,45356,609,,48256,812,,50286,812,,54897,667,,59914,783,,63075,754,,64003,783,,67454,1131,,69310,1160,,73573,1073,,79083,1102,,84448,1131,,86014,1276,,89813,1334,,92162,1247,,93612,1276,,100485,1537,,100920,1740,,105473,1450,,110664,1595,,113419,1885,,118088,1914,,121075,1682,
Vermont,US,04/11/2020,4774,84,,5460,84,,5796,84,,6356,126,,7322,126,,8456,154,,9534,126,,10612,210,,12054,252,,12698,294,,14336,280,,16366,322,,18186,336,,19068,364,,21140,434,,20972,420,,23016,420,,23688,546,,24304,504,,25998,546,,27230,588,,28252,574,,29540,630,,30702,728,,30646,658,,32522,672,,33404,770,,34258,672,,36106,784,,35980,770,
Virginia,US,04/11/2020,223706,2660,,246050,2926,,288876,3724,,317072,3591,,356706,4522,,398867,5453,,437703,6251,,491701,6517,,539315,7714,,586397,7847,,650104,8778,,687743,10108,,757435,10640,,796404,12635,,836437,14896,,906794,15827,,943768,16093,,983402,17556,,1054424,19285,,1098314,19817,,1138879,21679,,1194473,21945,,1229585,23142,,1284514,25004,,1338778,25137,,1409268,26999,,1460606,30989,,1494787,31787,,1552110,32452,,1637363,35112,
Washington,US,04/11/2020,236106,3705,,246246,3666,,273468,4329,,296790,4212,,322803,4992,,352794,5187,,378300,5889,,411060,6396,,453804,7293,,478920,7956,,514059,8073,,554229,8385,,600054,9009,,635115,8892,,682734,9477,,725634,10764,,761202,11037,,802152,12831,,852540,12948,,891618,13962,,933738,13962,,967590,14157,,1001052,15990,,1034085,16848,,1056081,17316,,1082601,17511,,1099293,19071,,1119300,18954,,1120314,19422,,1118910,20163,
West Virginia,US,04/11/2020,2585,0,,2970,0,,2860,0,,3080,0,,4015,0,,4510,0,,4950,0,,5390,0,,5060,0,,6655,55,,7370,0,,9625,0,,8140,0,,9185,0,,9955,55,,10285,55,,11275,110,,11660,0,,12430,165,,12375,165,,13805,110,,14080,55,,15125,165,,15675,165,,17765,165,,16665,275,,17930,220,,17985,385,,20020,330,,21230,275,
Wisconsin,US,04/11/2020,105696,1512,,120816,1512,,130608,1656,,137232,1944,,155448,2304,,171432,2520,,186624,2880,,202032,2952,,228312,3384,,256824,3816,,259704,4032,,284904,4608,,292248,4536,,315072,4680,,333864,5760,,347760,6336,,364608,6480,,371304,6192,,386496,6696,,407376,7344,,431496,7488,,437976,8280,,456768,8496,,480384,9000,,495360,8712,,519840,8784,,526608,10368,,545256,10512,,563832,10296,,563544,11088,
Wyoming,US,04/11/2020,2944,46,,3266,46,,3795,46,,4094,69,,5221,92,,5980,92,,6762,69,,7360,161,,8579,92,,9913,161,,10534,161,,12811,161,,13501,184,,15203,230,,16146,230,,18676,253,,20447,276,,21643,322,,22540,345,,25024,414,,27416,437,,29279,506,,30245,483,,32361,506,,33166,598,,35558,621,,38226,690,,41032,644,,42987,759,,46828,667,
Alabama,US,04/15/2020,20770,1474,,25125,1742,,28006,1340,,30351,1876,,33701,2010,,34840,1876,,35778,2010,,39329,2077,,41875,2278,,48173,2144,,47637,2412,,51255,2747,,49178,2948,,55677,2546,,49513,2747,,48642,2546,,50719,2747,,52863,2613,,54069,2613,,52528,2546,,49915,2881,,51724,3015,,49647,3417,,52997,2680,,51322,2613,,51121,3015,,50049,2680,,47771,2680,,49714,2948,,47101,2948,
Alaska,US,04/15/2020,986,58,,1189,87,,1131,87,,1160,29,,1189,29,,1276,87,,1276,58,,1566,145,,1305,87,,1131,58,,1044,87,,1044,58,,986,87,,1102,87,,1334,29,,1044,58,,1015,58,,957,29,,899,58,,870,58,,725,58,,725,29,,841,29,,609,58,,783,29,,754,0,,696,29,,638,29,,609,0,,580,0,
Arizona,US,04/15/2020,3660,480,,3855,495,,4455,525,,4800,615,,5400,540,,5685,555,,6150,525,,7440,570,,7620,540,,7365,495,,7620,495,,8190,510,,8850,525,,9255,540,,9720,615,,9825,495,,10380,555,,11160,525,,11880,570,,12900,585,,12780,645,,14205,585,,15315,645,,15390,690,,16200,735,,17235,690,,18075,870,,19425,780,,19380,855,,19275,885,
Arkansas,US,04/15/2020,10575,750,,10575,600,,12900,675,,13425,675,,15525,750,,15450,600,,16425,675,,18000,675,,18450,975,,17250,825,,18825,675,,19125,675,,18450,825,,19575,825,,20400,1050,,19275,825,,22875,900,,22050,975,,23100,750,,24150,900,,22125,825,,24675,825,,25800,1050,,24825,1050,,23925,825,,26325,1050,,24450,1200,,23700,1050,,22800,975,,23850,975,
California,US,04/15/2020,155324,13804,,180090,15022,,206248,15370,,240584,16588,,276602,17110,,302006,18560,,329672,19140,,358498,20764,,391500,20822,,408088,20938,,437784,23200,,475542,23258,,486040,22794,,523798,24418,,529714,24476,,551696,25868,,571764,26158,,596762,27782,,631446,27318,,659286,29058,,674482,30508,,692636,30972,,699364,29580,,723086,30450,,722332,29522,,720128,34162,,723028,33582,,710964,31784,,712936,32306,,705338,34568,
Colorado,US,04/15/2020,40576,5952,,41408,5888,,47488,6080,,51136,6144,,55936,5696,,56576,5568,,62400,5952,,61184,5568,,67968,5888,,67520,5504,,65216,5824,,68800,4992,,71808,5056,,73280,5120,,72576,5056,,74048,4992,,75904,4416,,74496,4544,,73664,4480,,73664,4224,,76672,4224,,72640,4032,,73216,3776,,70592,3840,,76736,3648,,75456,3712,,72768,3712,,71104,3456,,69760,3840,,72576,3712,
Connecticut,US,04/15/2020,14584,1592,,18368,1760,,22808,1904,,28368,2112,,31688,2128,,36936,2352,,41632,2536,,46104,2720,,50600,2936,,52216,3032,,55112,3048,,57216,3032,,61168,3376,,64080,3568,,65952,3496,,67416,3488,,67840,3584,,69088,3872,,68384,4000,,69528,3960,,69792,3896,,70744,3832,,69112,4096,,70240,4096,,70416,3928,,67696,4000,,66376,3984,,65624,4072,,61784,3944,,59416,3728,
Delaware,US,04/15/2020,741,42,,876,54,,1155,54,,1332,60,,1320,72,,1917,81,,1899,102,,1938,120,,2256,138,,2559,141,,2640,141,,2781,174,,3033,162,,3237,207,,3471,183,,3735,207,,3969,210,,3903,240,,4233,234,,4524,240,,4566,291,,4644,276,,4596,255,,4407,270,,4443,294,,4581,258,,4770,303,,4593,249,,4764,267,,4572,288,
District of Columbia,US,04/15/2020,233,13,,233,12,,283,16,,281,19,,311,17,,352,21,,355,21,,416,20,,459,22,,483,20,,491,20,,480,25,,581,21,,589,24,,643,19,,610,22,,681,32,,784,26,,773,25,,792,30,,790,25,,806,26,,878,28,,854,35,,809,31,,861,33,,886,34,,850,38,,811,36,,840,28,
Florida,US,04/15/2020,145055,14137,,156780,14941,,168371,15075,,178287,15745,,195975,15946,,203613,16214,,223914,17621,,241870,18559,,254399,21708,,280596,20167,,319992,23450,,344045,23115,,373994,21842,,417142,22043,,468933,17755,,512282,19698,,563135,20636,,610169,20770,,643736,21574,,685611,21641,,710267,23584,,727754,24857,,764068,30351,,777736,30954,,792878,32964,,803732,35175,,806412,39329,,813179,38391,,835423,40334,,857734,43550,
Georgia,US,04/15/2020,200181,15582,,226734,17172,,245337,17490,,261873,17649,,277137,17967,,307029,18921,,323247,18126,,329925,20193,,347415,20193,,363792,20511,,360294,19398,,363633,20034,,372219,21624,,388119,21306,,381918,19875,,402429,22101,,396546,20829,,419919,19557,,409902,20352,,418965,20988,,421032,21624,,401475,23055,,417534,19716,,389391,21465,,385893,20193,,375399,19875,,358545,20829,,353457,18921,,352344,20034,,352662,18921,
Hawaii,US,04/15/2020,165,40,,160,40,,180,40,,170,50,,200,35,,210,35,,200,40,,215,30,,245,40,,230,45,,210,45,,190,30,,210,30,,230,35,,255,40,,210,20,,230,40,,245,35,,250,25,,220,25,,255,20,,240,20,,265,20,,235,20,,240,20,,270,30,,265,20,,260,20,,220,25,,215,20,
Idaho,US,04/15/2020,3740,396,,4928,440,,5984,440,,7216,528,,7876,528,,9108,528,,9988,572,,11880,528,,13200,484,,14828,528,,16236,528,,18304,616,,21912,572,,23804,924,,25256,616,,26708,660,,28072,748,,29524,792,,31152,1144,,35112,1144,,35860,1012,,37488,1320,,39688,1496,,40788,1540,,44440,1364,,42064,1540,,44176,1496,,45936,1584,,45848,1672,,44968,1760,
Illinois,US,04/15/2020,290904,19176,,338946,22032,,412590,19992,,471750,21828,,544884,25296,,586296,26214,,657390,30294,,732768,32334,,778464,35598,,826200,42738,,878220,41412,,918816,43248,,958086,46206,,1006230,46002,,1056312,51816,,1099356,52122,,1138524,53244,,1178100,53652,,1202376,53958,,1240422,58854,,1264392,59262,,1251948,57834,,1284894,60180,,1278978,63138,,1285710,62526,,1249806,66606,,1248582,62526,,1191156,64566,,1203498,66198,,1146786,68646,
Indiana,US,04/15/2020,82524,6716,,90988,6900,,105708,6992,,118772,8832,,125304,8648,,136344,9016,,144532,9752,,156032,9568,,169004,10488,,175444,10856,,192924,9844,,198812,10580,,206080,10580,,207368,10396,,211232,10304,,214360,10212,,227148,10580,,224664,11960,,234324,11776,,245364,11684,,248124,11500,,246744,11776,,261372,11960,,251896,12880,,250424,13340,,249504,13524,,252172,12328,,252724,11316,,244076,14444,,246652,12880,
Iowa,US,04/15/2020,27423,1584,,29304,1287,,28710,1386,,31284,1485,,30987,1386,,32472,1980,,30096,1683,,32670,1782,,29997,1584,,31284,2079,,28809,1683,,26829,1683,,26334,1386,,25938,1782,,24651,1188,,25146,1287,,23760,1287,,23859,990,,21384,891,,22869,693,,21879,594,,22176,594,,22077,396,,20889,594,,22671,495,,19503,594,,20691,495,,20196,495,,20988,396,,22869,297,
Kansas,US,04/15/2020,12390,945,,13125,1050,,14385,1260,,16065,1365,,15960,1260,,19320,1470,,19215,1365,,18270,1260,,18060,1680,,17955,1365,,19320,1680,,20055,1470,,18690,1575,,20685,1575,,20580,1575,,20685,1260,,22575,1155,,21315,1260,,23940,1470,,21840,1155,,21945,1260,,23520,1050,,24990,1260,,24780,1155,,23835,1155,,24465,945,,25935,1260,,26880,1050,,24990,1050,,25200,1155,
Kentucky,US,04/15/2020,25920,2160,,28800,1920,,31800,1800,,34920,2280,,35880,2040,,36360,2400,,36720,2160,,38760,2160,,38640,1680,,38520,2040,,42240,1800,,37320,1680,,39240,1920,,39120,1440,,39480,1680,,40560,1800,,41160,1680,,39240,1200,,43080,1680,,39600,1440,,44040,1680,,46680,1320,,44160,1320,,45000,1080,,41280,1320,,45000,1440,,45600,1800,,48480,1320,,45240,1320,,44640,1440,
Louisiana,US,04/15/2020,64448,9856,,74432,10688,,90112,11456,,105024,11584,,124544,12544,,135360,13312,,145408,13632,,160768,14272,,178368,13632,,178368,12864,,199680,12800,,208384,12736,,221376,12928,,225536,12544,,244352,11968,,256768,12800,,265600,13376,,281984,13184,,292864,13824,,291968,15424,,305920,13824,,316160,14528,,335104,15232,,360256,16768,,355520,17472,,375680,17280,,373248,17280,,393280,17984,,388672,19904,,395840,18688,
Maine,US,04/15/2020,1328,160,,1312,128,,1424,144,,1376,144,,1472,128,,1552,128,,1328,128,,1296,128,,1440,128,,1280,128,,1232,128,,1072,144,,1120,112,,1168,96,,1040,128,,816,80,,816,48,,720,48,,704,32,,704,48,,656,48,,544,32,,592,32,,560,32,,432,32,,512,16,,528,32,,416,32,,384,32,,416,32,
Maryland,US,04/15/2020,32280,1824,,40200,2184,,48360,2424,,59088,2592,,66912,2976,,74376,3624,,82872,3840,,89064,4200,,97320,4776,,103296,5040,,108264,5424,,114480,5136,,119880,5664,,122856,5832,,127464,5976,,124824,6144,,130944,6840,,130680,6624,,131400,6864,,134184,6480,,136008,7560,,133992,7344,,132696,7248,,133824,7320,,129768,7224,,127200,7560,,126048,6864,,123744,7512,,119784,7104,,112992,7056,
Massachusetts,US,04/15/2020,52528,3892,,63350,4354,,74438,4774,,87038,5208,,98714,5684,,110068,6286,,115276,6510,,126504,7322,,134540,8050,,141190,8064,,146832,8680,,148470,8624,,152292,9268,,154462,9562,,155876,8932,,157430,9450,,154504,9240,,159838,9772,,157556,9590,,156898,9338,,152138,9282,,151802,9324,,153622,9184,,150178,9394,,149814,9310,,147854,9226,,145544,9058,,145502,8904,,141274,8372,,137452,8750,
Michigan,US,04/15/2020,258047,26062,,323451,30378,,386863,32287,,464800,34279,,535184,39010,,602082,41832,,665079,43658,,729321,43741,,826514,49053,,912585,53701,,976578,55361,,1070036,55444,,1137515,60092,,1275959,63910,,1419549,66068,,1528777,68475,,1611777,73289,,1717851,73372,,1741174,76692,,1740178,78103,,1782176,82170,,1799855,87150,,1818530,90553,,1796286,92877,,1801266,93541,,1764497,94122,,1719511,99932,,1712788,96695,,1679588,95782,,1610283,98023,
Minnesota,US,04/15/2020,25839,1479,,27144,1653,,31233,1566,,33495,1740,,35235,1740,,36888,1392,,37062,1653,,40281,1479,,40368,1653,,40107,2001,,40281,1740,,42369,2001,,41412,1479,,44109,2175,,43239,1653,,44022,1653,,43674,1566,,43239,1392,,40107,1653,,43761,1740,,42021,1479,,42543,1740,,40194,1566,,42369,1479,,40542,1827,,41760,1392,,44631,1392,,44631,1479,,42804,1131,,40629,1653,
Mississippi,US,04/15/2020,17876,820,,18368,902,,19844,738,,20582,820,,20582,984,,20828,820,,20418,902,,19516,1066,,19106,1230,,17466,1066,,16154,1312,,15170,1066,,14432,1066,,12874,820,,12054,984,,11070,492,,10742,738,,10332,738,,9102,574,,8446,492,,7790,492,,7216,410,,7052,492,,6396,328,,6314,410,,5986,328,,6068,164,,5822,246,,5412,164,,4674,246,
Missouri,US,04/15/2020,63020,5405,,67620,5290,,81995,5865,,92690,6325,,102580,7015,,119370,7360,,131675,8165,,142025,8970,,150420,9430,,172155,9315,,172385,9890,,186645,9545,,203205,11385,,212980,10465,,215050,11385,,224135,9660,,230920,8855,,236670,12765,,237820,11615,,245525,11155,,251620,13570,,252080,13455,,252885,12420,,260360,15180,,259095,12650,,258060,13225,,257140,13570,,260015,13455,,247825,14030,,239200,17480,
Montana,US,04/15/2020,2912,336,,3248,392,,3752,336,,3584,504,,3696,336,,3920,168,,4144,224,,3808,224,,3976,280,,3864,280,,3192,280,,3192,280,,3416,168,,3024,168,,3192,224,,2576,224,,2912,112,,2240,56,,3080,168,,2576,112,,2408,56,,2016,56,,2576,112,,2576,0,,2072,0,,2128,56,,2240,0,,2240,0,,2240,0,,2184,0,
Nebraska,US,04/15/2020,7440,651,,8370,372,,9951,465,,9765,744,,9672,558,,9114,465,,8928,558,,9579,558,,9114,651,,9114,372,,8649,372,,8370,558,,7440,465,,8184,558,,7533,372,,7812,372,,7347,372,,6231,186,,6975,186,,6882,279,,6789,93,,7347,93,,7068,93,,7068,93,,6882,186,,6882,93,,6603,93,,6510,93,,5580,93,,6975,186,
Nevada,US,04/15/2020,1360,323,,1479,306,,1938,374,,1564,391,,1343,374,,1666,374,,1666,510,,2057,408,,1598,391,,1683,578,,1955,323,,2108,391,,2006,340,,1972,255,,2482,340,,2533,238,,2703,340,,2822,238,,3417,187,,3332,170,,2890,136,,2941,153,,3587,153,,3876,136,,4352,170,,4743,170,,4981,272,,5083,221,,5916,170,,6358,153,
New Hampshire,US,04/15/2020,1540,210,,1820,250,,2190,210,,2610,250,,2630,190,,3210,190,,3310,220,,3410,200,,3810,210,,4250,240,,4240,240,,4150,220,,4390,260,,4490,210,,4770,240,,4660,220,,4800,270,,4360,240,,4540,310,,4850,290,,4750,270,,4620,240,,4310,280,,4340,280,,4190,280,,4460,270,,3870,340,,4060,260,,3550,210,,3400,250,
New Jersey,US,04/15/2020,142926,13986,,170247,15687,,193284,17136,,229383,18606,,260022,19404,,284004,20727,,315084,22029,,340725,23352,,373926,24045,,399336,24822,,432978,25263,,453474,25242,,473214,26460,,495999,26838,,522501,27447,,531825,27720,,540918,27993,,544278,29106,,561771,29253,,563640,29820,,570465,31815,,575547,31668,,574476,31584,,566664,31605,,563283,32403,,557403,32844,,547806,32508,,531888,32151,,518112,32214,,504987,31962,
New Mexico,US,04/15/2020,2970,462,,2904,561,,3663,429,,3531,462,,3762,495,,3861,561,,4290,594,,4191,462,,4323,495,,4521,462,,4257,396,,4587,363,,4719,396,,4257,330,,4323,330,,4389,297,,4752,363,,4983,264,,4257,231,,4488,297,,4191,231,,4026,198,,4752,264,,4653,231,,4587,231,,4356,231,,5016,198,,4719,231,,4785,198,,5775,231,
New York,US,04/15/2020,1135034,95790,,1298776,98084,,1522906,102114,,1721058,106144,,1904640,114328,,2076876,115196,,2244834,125426,,2418930,131626,,2574240,134230,,2667860,138570,,2766688,144522,,2841274,143096,,2864400,151032,,2894780,153078,,2936134,157480,,2984060,164114,,3000614,162130,,3027894,160208,,3048106,166470,,3066458,167276,,3091754,168764,,3057778,169694,,3014688,172174,,2951138,172794,,2896950,169198,,2821248,171492,,2760116,173662,,2673750,171926,,2594018,168950,,2514596,165540,
North Carolina,US,04/15/2020,40400,4000,,42200,4300,,45000,3900,,46400,4000,,46400,4100,,48900,4600,,45700,4400,,44000,4600,,43300,4200,,43000,4500,,40200,5100,,37700,4000,,35500,4000,,34800,3800,,33900,3200,,32000,3000,,32700,3000,,30700,2500,,31100,2600,,27700,2400,,28500,2300,,28300,1900,,29200,1900,,28300,1700,,27700,1800,,28000,2100,,31800,1400,,28700,1200,,28600,1300,,29500,900,
North Dakota,US,04/15/2020,1325,53,,1378,53,,1484,0,,1484,53,,1219,106,,1643,0,,1749,53,,1855,53,,1590,53,,1643,0,,1802,0,,1696,0,,1484,0,,1802,0,,1431,0,,1749,0,,1855,0,,1484,0,,1484,0,,1537,0,,1219,0,,1590,0,,1219,0,,1325,0,,1590,0,,1272,0,,1219,0,,1325,0,,1325,0,,1272,0,
Ohio,US,04/15/2020,69080,5808,,79112,6424,,96360,6688,,105952,6688,,116952,7656,,134728,9504,,140448,8800,,150656,9592,,167024,10384,,181544,10296,,202840,9592,,219736,10032,,241912,11616,,270336,10736,,288816,12232,,326480,11440,,352792,11352,,383504,12408,,389752,13288,,415624,13112,,444048,14168,,482152,13464,,502568,15576,,541640,17688,,568128,17512,,592944,17776,,613976,21384,,633512,21560,,629728,22440,,641256,22792,
Oklahoma,US,04/15/2020,15169,1386,,14938,1386,,16786,1232,,17017,1386,,16247,1155,,20174,1232,,19712,1309,,18403,1694,,18403,1309,,18403,1463,,17171,1540,,19635,1617,,19250,1540,,19096,1309,,18480,1232,,18865,1540,,17402,1001,,20174,1001,,20328,1001,,21406,1309,,21637,847,,23716,1309,,26334,1463,,28259,770,,31493,924,,35189,770,,37807,1155,,44121,847,,50743,924,,53746,1155,
Oregon,US,04/15/2020,6804,1044,,7956,1152,,7992,1044,,8748,1080,,9252,1116,,8532,972,,9504,1152,,9108,972,,9180,936,,10512,864,,10080,864,,9324,756,,9864,864,,9684,720,,9936,720,,10080,648,,10620,684,,10872,540,,11808,540,,10440,540,,12204,612,,13680,540,,13284,540,,13572,504,,13932,504,,14868,468,,16452,612,,17928,720,,17568,612,,19872,648,
Pennsylvania,US,04/15/2020,179158,11792,,217549,12864,,265856,14405,,315235,16817,,360527,18425,,411648,20636,,463908,23852,,530506,23919,,569969,26867,,643401,27537,,689095,29882,,722394,28944,,784704,31490,,839979,34840,,863563,33835,,901016,36984,,939005,39664,,968351,41272,,988585,41741,,1023559,43617,,1024899,45895,,1033274,47905,,1071799,49848,,1092502,54672,,1118364,54136,,1153472,59094,,1158966,55476,,1167542,57352,,1155616,59831,,1139000,60233,
Rhode Island,US,04/15/2020,1610,50,,1995,55,,2090,70,,2835,70,,2750,90,,3025,90,,3345,120,,3695,125,,3965,185,,3980,160,,4445,170,,4695,205,,4895,215,,5270,225,,5645,210,,5770,305,,6200,295,,6540,320,,7375,250,,7030,285,,7215,265,,7705,290,,7395,290,,7730,360,,7385,315,,7815,320,,7700,365,,7495,325,,7070,355,,7120,390,
South Carolina,US,04/15/2020,17618,2024,,18400,1932,,21298,1840,,20470,1978,,21344,2070,,24886,2070,,24380,2392,,26910,2346,,23506,2438,,25898,2254,,25300,2162,,24932,2162,,25392,2162,,26910,2024,,27094,1932,,27554,1748,,25990,2024,,25576,1794,,24932,1748,,27738,2116,,27922,1978,,27600,1702,,28888,1702,,28888,1748,,28382,1978,,30544,1472,,30038,1564,,31740,1564,,31372,1472,,31648,1840,
South Dakota,US,04/15/2020,12540,660,,13728,594,,16896,594,,17490,594,,20262,660,,21252,858,,22770,660,,25476,792,,25608,990,,25938,726,,24288,858,,27852,924,,28974,990,,33198,924,,33594,990,,35772,1056,,38742,1188,,40788,1188,,43230,1056,,48906,1518,,49302,1320,,51744,1320,,53262,1518,,56166,1584,,56826,1980,,57750,1650,,57090,1518,,56430,1914,,57816,1782,,53328,1386,
Tennessee,US,04/15/2020,51585,4465,,55290,4370,,57380,5225,,65645,4845,,74955,5130,,87305,4940,,88255,5510,,87495,5510,,91200,6175,,96425,6175,,97660,5415,,104500,5225,,97280,5700,,104595,6365,,108870,6080,,108680,5795,,114380,5225,,117040,6840,,117610,5130,,121220,5415,,120935,5890,,124165,6365,,132620,5985,,136230,6080,,139555,5700,,147535,5415,,145635,7885,,148390,7600,,148010,5985,,154660,6840,
Texas,US,04/15/2020,378206,25908,,424180,26162,,516636,30226,,590550,31496,,696976,33782,,763524,35052,,848360,39370,,900938,42164,,967486,44958,,1025144,45212,,1080008,45466,,1189482,45720,,1267968,48768,,1316990,50546,,1397000,53848,,1462786,57658,,1529334,58420,,1588770,57404,,1680972,60960,,1722374,61976,,1797558,59690,,1842770,62992,,1916938,66040,,1941322,69088,,2006346,71120,,2055368,79248,,2004060,78994,,2060956,77470,,2117852,85852,,2078736,88138,
Utah,US,04/15/2020,6293,580,,7018,580,,7743,493,,7830,609,,8323,551,,8236,580,,9570,609,,9773,667,,9657,754,,9860,812,,9628,551,,9454,696,,10092,609,,11078,725,,11426,638,,11020,580,,11542,551,,11629,609,,12209,493,,12064,609,,13369,638,,13746,551,,14036,580,,14181,551,,15921,493,,17632,870,,17081,522,,18386,522,,18502,667,,20996,696,
Vermont,US,04/15/2020,1246,168,,1190,182,,1386,168,,1344,168,,1456,210,,1428,182,,1302,182,,1470,168,,1218,182,,1288,210,,1274,182,,1400,126,,1302,140,,1232,126,,1232,98,,1274,112,,1260,112,,1316,84,,1134,84,,1274,84,,1554,84,,1358,56,,1596,70,,1526,70,,1582,84,,1722,56,,1876,42,,1988,42,,1806,56,,2058,42,
Virginia,US,04/15/2020,123823,6783,,136325,7581,,152152,6650,,167580,7448,,183806,7980,,186732,8778,,205086,10374,,214795,9975,,222908,11704,,234080,12103,,248577,11305,,252567,11172,,261611,11970,,271586,11571,,272384,12502,,281960,12236,,286615,13965,,291270,12502,,303506,12768,,300447,13167,,303772,12768,,306299,14630,,299516,14497,,303905,13034,,306432,12768,,301511,14630,,291536,14098,,289275,14763,,282492,14098,,275177,13034,
Washington,US,04/15/2020,23790,3198,,26013,3237,,30537,3159,,32019,3120,,38142,3237,,40521,3627,,44616,3744,,47619,3978,,51207,4407,,54795,3666,,59904,4056,,61503,3432,,66417,3705,,70161,3432,,73476,3510,,80964,3120,,83343,3510,,88062,3588,,90909,4017,,98631,3822,,100074,3744,,104091,4290,,113100,4212,,116766,3978,,121953,4524,,125463,4524,,132288,4836,,133653,5109,,136812,5889,,144651,5889,
West Virginia,US,04/15/2020,1925,0,,2090,0,,2475,0,,2255,0,,2420,0,,2695,0,,2585,55,,2750,110,,2750,55,,2585,0,,2530,0,,2860,55,,2475,110,,2640,0,,2310,55,,2200,0,,2145,0,,2090,0,,2310,0,,2255,0,,2200,0,,1870,0,,2530,0,,2420,0,,2255,0,,2420,0,,2255,0,,2420,0,,2585,0,,2530,0,
Wisconsin,US,04/15/2020,28512,2808,,32472,3168,,36432,3816,,38520,3240,,42912,3384,,44568,2592,,55368,3744,,55368,3528,,62208,3528,,66312,3528,,70776,3456,,74880,3240,,74736,3456,,81072,3816,,85896,3456,,90720,3600,,100584,3528,,103464,3888,,108504,4464,,112824,3960,,115488,4680,,119592,4320,,122976,4032,,130032,5256,,126000,5544,,135936,6120,,129528,6552,,133632,7488,,135144,6696,,137448,7416,
Wyoming,US,04/15/2020,1058,115,,1357,138,,1219,92,,1472,92,,1656,115,,1679,69,,1909,138,,1771,69,,1840,115,,1771,92,,1610,115,,1587,69,,1633,69,,1725,92,,1495,69,,1541,115,,1242,69,,1403,69,,1104,69,,1196,69,,1081,46,,1104,69,,989,69,,1058,69,,920,46,,782,23,,805,69,,851,0,,759,0,,736,0,
Alabama,US,04/18/2020,28006,2144,,28207,2345,,28341,2345,,27805,2144,,27068,1876,,25862,1876,,25594,1809,,23718,1876,,21373,1675,,21775,2010,,20904,1809,,20502,1809,,19296,1608,,19631,1139,,18626,1474,,20100,1340,,20368,1206,,20636,1407,,21641,1273,,24053,1340,,24924,1340,,25929,1541,,28542,1541,,28743,1407,,32763,1407,,33500,1541,,34572,1541,,39061,1675,,43081,2345,,46163,2211,
Alaska,US,04/18/2020,754,29,,783,29,,696,29,,754,29,,725,29,,638,29,,638,29,,609,29,,464,29,,464,29,,435,0,,377,29,,377,0,,406,0,,319,0,,290,0,,319,0,,261,0,,232,0,,232,0,,232,0,,203,0,,261,0,,203,0,,174,0,,174,0,,203,0,,58,0,,145,0,,116,0,
Arizona,US,04/18/2020,3660,510,,3675,525,,3675,495,,4080,495,,3750,480,,3915,480,,3690,435,,3735,465,,3900,435,,3675,465,,3675,450,,3930,465,,3900,450,,4170,420,,4350,420,,4650,390,,4875,390,,5400,405,,5415,420,,5220,405,,5670,435,,5565,435,,6270,450,,6840,465,,7395,480,,7695,480,,7635,480,,8445,525,,9300,600,,10215,600,
Arkansas,US,04/18/2020,13800,450,,12600,450,,13875,525,,13275,450,,12825,600,,12225,600,,10725,525,,10275,600,,10275,675,,9450,525,,8100,600,,7725,600,,6750,525,,6300,600,,6075,525,,5700,450,,5325,525,,4800,450,,4500,525,,4425,300,,3975,300,,3900,225,,3675,150,,3750,225,,3750,150,,3300,150,,3300,150,,3525,150,,3525,75,,3375,150,
California,US,04/18/2020,149350,16530,,164256,16704,,175508,16530,,181250,16588,,189138,17748,,194822,17110,,207756,17574,,212976,17806,,222720,20300,,232464,20068,,245166,18212,,254156,20706,,265060,20010,,283098,21112,,301948,21402,,308038,21750,,327236,22504,,343940,24940,,357106,24128,,374100,25520,,384830,27202,,402462,26274,,408204,29812,,419688,30798,,426184,31378,,440568,31146,,446078,32480,,454894,35148,,441090,35670,,456982,39034,
Colorado,US,04/18/2020,36288,4544,,35904,4736,,35648,4160,,34304,4224,,34240,4160,,33408,4032,,32384,3712,,31424,3584,,30400,3904,,29184,3968,,28352,3648,,28992,3392,,28352,3136,,27520,3200,,26688,3136,,27072,3008,,27648,3008,,27136,2816,,27904,2560,,27008,2752,,29504,2624,,28480,2496,,29760,2560,,30272,2432,,29632,2624,,29184,2624,,31232,2496,,32512,2688,,33728,2560,,32576,2560,
Connecticut,US,04/18/2020,12520,1880,,12416,1952,,12448,2024,,12136,2024,,12320,1984,,12000,1952,,12096,1968,,12592,1912,,12272,1896,,12480,1856,,12216,1784,,12680,1728,,12568,1720,,13560,1576,,13736,1552,,14120,1536,,15168,1432,,15312,1552,,15616,1576,,15560,1456,,16952,1448,,17624,1488,,18096,1608,,19328,1624,,19288,1600,,19848,1608,,20440,1656,,20408,1856,,20440,1856,,21192,1896,
Delaware,US,04/18/2020,963,135,,1041,141,,1110,156,,1170,141,,1227,147,,1371,162,,1461,153,,1416,174,,1473,183,,1686,171,,1746,174,,1911,174,,2043,198,,2127,174,,2235,186,,2412,204,,2550,198,,2595,231,,2763,237,,2748,246,,2997,270,,3048,264,,3087,282,,3186,291,,3183,309,,3168,297,,3180,300,,3324,321,,3144,321,,3111,318,
District of Columbia,US,04/18/2020,231,20,,251,17,,274,18,,300,22,,292,21,,292,24,,307,23,,322,26,,346,27,,350,26,,360,26,,351,27,,368,34,,346,31,,351,25,,369,27,,341,32,,351,30,,364,28,,373,31,,320,27,,340,28,,358,28,,277,26,,291,27,,307,25,,263,31,,271,26,,252,24,,278,27,
Florida,US,04/18/2020,111287,16549,,115977,16013,,116379,16281,,116982,16147,,119327,15209,,121069,15008,,122074,15142,,126161,15544,,129109,14606,,131253,14874,,137417,14807,,139427,14941,,151554,13735,,157785,14204,,164686,14070,,178354,14673,,188873,14807,,203278,14606,,206427,16080,,216611,16482,,228403,16214,,236309,17018,,247632,17889,,254064,19229,,258955,19430,,267464,21641,,275973,20904,,275839,22981,,282606,23249,,281400,23785,
Georgia,US,04/18/2020,218148,16854,,217035,17808,,207972,18603,,202566,18126,,189051,17331,,178875,19239,,175059,17649,,157569,15741,,152322,16377,,137217,14787,,132129,13674,,126882,13038,,117819,12084,,108279,11289,,103827,11289,,97149,9699,,92061,9540,,91902,8268,,89517,7473,,84429,7791,,81090,6996,,81249,7632,,79023,6678,,79023,6519,,81249,7632,,76479,5883,,78228,5565,,82044,5724,,80931,5406,,79977,5406,
Hawaii,US,04/18/2020,200,25,,200,25,,185,20,,165,10,,185,15,,160,20,,135,20,,140,20,,160,20,,145,15,,100,20,,75,10,,85,10,,75,5,,65,10,,70,10,,60,5,,45,5,,55,10,,40,15,,35,5,,35,0,,25,0,,35,0,,25,0,,30,0,,25,0,,20,5,,20,0,,15,0,
Idaho,US,04/18/2020,3036,308,,2772,352,,2904,308,,2904,264,,2596,220,,2640,220,,2508,220,,2156,176,,2244,176,,2200,176,,2464,220,,2464,132,,2068,132,,2112,132,,2068,88,,2024,132,,2112,132,,2376,88,,2596,220,,2860,132,,3036,132,,3168,88,,3388,176,,3256,132,,4004,176,,4224,176,,4136,308,,5676,220,,5808,264,,5632,308,
Illinois,US,04/18/2020,243576,25806,,257754,26010,,271830,25500,,285498,27030,,276114,27948,,281826,28050,,292332,29682,,290700,31008,,298350,30906,,309774,33660,,313038,32130,,320586,31008,,318546,30600,,318036,30192,,320076,31212,,326604,29988,,334764,29682,,338232,28662,,334254,28866,,334968,29070,,332622,30804,,335070,30090,,327114,30396,,319770,31416,,326808,28254,,320076,30804,,315792,29886,,314670,29172,,298146,26622,,293250,30906,
Indiana,US,04/18/2020,93564,8556,,93748,8648,,93656,8648,,92828,8280,,92184,8280,,89148,8188,,87308,7820,,83812,7912,,83628,8096,,83352,7636,,79212,8280,,78844,8096,,80960,8004,,78568,7636,,80592,7360,,80500,7176,,77740,7176,,79580,6440,,81604,6348,,81052,6348,,84640,6256,,85284,6256,,87308,6440,,87952,6808,,89056,6624,,92736,7176,,94392,6440,,92276,7176,,96324,7636,,99176,8096,
Iowa,US,04/18/2020,37917,1584,,38214,1881,,36333,1881,,36828,2079,,32571,2079,,33660,2277,,30195,2178,,30492,2079,,26829,2376,,24849,2178,,22770,2475,,21384,2178,,20493,2079,,18711,1881,,16632,1782,,15543,1683,,15246,1584,,15048,1386,,13563,1485,,13167,1188,,12078,990,,12969,990,,11385,891,,11286,792,,10989,693,,10197,693,,11088,693,,10296,693,,10593,495,,10098,495,
Kansas,US,04/18/2020,15855,1575,,14700,1470,,14280,1575,,14280,1470,,13755,1365,,13335,1365,,11970,1155,,11025,1365,,11655,1365,,10395,1155,,10185,1155,,9555,1155,,9135,840,,8505,945,,8400,945,,8190,840,,8295,630,,7665,840,,8400,840,,8400,735,,8505,735,,7980,735,,8190,630,,8715,525,,9345,735,,8190,315,,8400,630,,9135,525,,8925,630,,10605,420,
Kentucky,US,04/18/2020,39720,1440,,39720,1320,,42480,1080,,36840,1080,,36600,1200,,37200,1080,,32760,1080,,31320,1320,,31080,1200,,28680,840,,26520,1200,,25800,1080,,24120,1080,,24480,960,,22080,960,,21360,840,,22320,840,,21360,960,,20040,840,,22440,840,,20880,840,,22320,960,,21480,1080,,22080,1080,,22080,840,,23040,960,,22440,840,,22320,1080,,24840,840,,24120,1200,
Louisiana,US,04/18/2020,69248,13248,,68800,12288,,66304,11328,,65536,10688,,65216,11264,,62016,9664,,58688,9536,,55872,9152,,57408,8320,,55296,7872,,53824,7296,,53504,7232,,53952,6656,,53184,6336,,55872,5824,,59200,5760,,57984,5696,,60608,5376,,62016,6144,,67328,5440,,63552,5248,,70656,5184,,73216,5568,,74432,5632,,79808,6080,,83776,6080,,86400,5824,,88704,5952,,96320,6336,,99136,6912,
Maine,US,04/18/2020,1536,80,,1664,64,,1584,80,,1488,64,,1248,80,,1248,80,,1232,64,,1248,64,,1056,48,,912,64,,976,64,,816,48,,656,48,,624,48,,576,48,,576,32,,512,48,,448,32,,384,16,,400,32,,384,16,,368,48,,368,16,,320,16,,272,16,,240,32,,224,16,,288,16,,224,16,,256,16,
Maryland,US,04/18/2020,33264,3840,,34776,3984,,35760,4032,,35424,4344,,36240,4392,,36768,4416,,37344,4224,,37944,4512,,39504,4464,,40896,4464,,41232,4464,,42264,4368,,42888,4248,,44472,3936,,46680,4272,,48168,4320,,49104,4536,,50232,4248,,52368,4440,,53928,4464,,54600,4200,,54792,4656,,55056,4632,,55392,4872,,57000,4920,,57768,4992,,57384,5088,,56952,5328,,56496,5184,,56088,5232,
Massachusetts,US,04/18/2020,47950,5922,,52220,5866,,54642,6104,,57176,6258,,59948,6468,,59332,6454,,62188,6888,,63168,6762,,66234,6986,,67256,7056,,69090,7014,,72114,7070,,72268,7098,,73178,6930,,74480,6972,,76874,7056,,76300,7126,,77560,7322,,78652,7308,,78722,7252,,77770,7252,,78568,7378,,77252,7644,,77742,7770,,76664,7812,,74158,7798,,74158,7980,,71834,7518,,69916,7700,,67914,7784,
Michigan,US,04/18/2020,133464,24651,,129646,23572,,130227,23489,,126077,21414,,123836,20252,,115287,20833,,113544,18758,,113793,17430,,108232,16434,,104165,15521,,100098,14691,,99517,13529,,98687,13114,,101924,12201,,101343,11620,,103418,10541,,104497,10458,,106904,11371,,108979,9296,,113378,10458,,115536,10458,,119603,9794,,122425,9379,,124749,9545,,131389,10292,,134294,9877,,142013,10541,,150728,10043,,152886,9960,,156787,12118,
Minnesota,US,04/18/2020,32538,870,,35496,783,,37149,783,,37584,1218,,36975,1131,,36975,1218,,35409,1479,,36453,1740,,34278,1653,,36801,2001,,38628,1914,,40716,1914,,40368,2001,,39237,2262,,39759,2523,,42021,2175,,41499,2088,,42282,2262,,43065,2436,,46893,2349,,46545,2871,,46284,2784,,45327,2523,,45849,2784,,46545,2958,,46371,3306,,46893,3132,,46284,3132,,48459,2958,,48285,3219,
Mississippi,US,04/18/2020,31980,574,,34030,902,,33046,902,,32062,902,,31570,984,,29438,984,,27224,1066,,26076,984,,24272,1066,,21976,1148,,20172,1230,,18696,1148,,16974,738,,15662,820,,13776,738,,12874,492,,11726,574,,10660,574,,9594,492,,9266,246,,8036,410,,8200,328,,6970,164,,6724,328,,6232,246,,6396,164,,5658,82,,5248,82,,4756,164,,4756,82,
Missouri,US,04/18/2020,53015,7245,,55545,6900,,53820,6210,,54510,6095,,51865,6095,,51520,5980,,52095,5060,,53590,5290,,53705,5060,,51405,5290,,51980,5060,,53935,4830,,57270,5405,,61295,4600,,59800,4600,,63940,4715,,65090,3910,,75670,4830,,72795,4370,,79810,5060,,86480,5060,,89470,5175,,96255,5520,,102465,6210,,108675,6325,,110745,6555,,113160,7130,,121440,8855,,123855,8510,,130870,9200,
Montana,US,04/18/2020,3528,56,,3976,224,,3920,56,,3528,112,,3360,56,,3248,56,,2856,56,,2744,56,,2352,56,,2296,0,,2240,0,,2016,56,,1848,56,,1400,0,,1344,56,,1400,56,,1456,0,,1400,56,,1120,0,,1120,0,,952,0,,1120,0,,784,0,,672,0,,728,0,,1064,0,,784,0,,616,0,,784,0,,504,0,
Nebraska,US,04/18/2020,7905,279,,8184,465,,9114,372,,7812,372,,7440,186,,7161,279,,7440,279,,6324,279,,6603,279,,5394,186,,5394,279,,5115,279,,4836,186,,3627,93,,3813,186,,4185,93,,3255,186,,2976,93,,2976,93,,2697,93,,2883,93,,2604,93,,2511,0,,2697,0,,2418,93,,2697,0,,2604,93,,2511,93,,2604,0,,1953,0,
Nevada,US,04/18/2020,2380,459,,2397,374,,2176,374,,2006,357,,2329,340,,2091,272,,2346,323,,2278,255,,2125,238,,2363,238,,1989,221,,2159,187,,2159,272,,2023,204,,2159,170,,2142,204,,1853,153,,2312,119,,2397,170,,2193,187,,2159,187,,2125,153,,2040,136,,2278,187,,2380,170,,2244,187,,2295,204,,2805,170,,2448,170,,2567,187,
New Hampshire,US,04/18/2020,1570,140,,1790,170,,1780,140,,1710,170,,1670,180,,1570,180,,1600,190,,1670,190,,1540,190,,1500,230,,1520,180,,1490,170,,1530,190,,1560,170,,1460,170,,1630,150,,1510,160,,1380,190,,1510,170,,1530,140,,1390,180,,1340,140,,1330,160,,1340,180,,1320,160,,1330,150,,1190,150,,1230,140,,1230,150,,1190,150,
New Jersey,US,04/18/2020,101766,19131,,103614,18564,,102123,17829,,100359,17472,,100107,17157,,99015,15750,,101724,15603,,102816,14763,,103530,14427,,103404,14112,,106260,13440,,109788,12915,,109893,12768,,114345,11928,,117453,11886,,123732,11907,,128079,11991,,130284,11718,,136248,11781,,140385,11634,,143556,12348,,146244,12159,,150696,12369,,157920,12894,,155631,13167,,161595,13398,,162456,13650,,165228,14343,,166446,14511,,165585,15078,
New Mexico,US,04/18/2020,4092,396,,4554,495,,4488,429,,3993,363,,4125,429,,3927,462,,3531,396,,3234,330,,3102,330,,3003,363,,2838,330,,2706,297,,2772,363,,2607,297,,2508,297,,2376,297,,2343,297,,2310,264,,2343,231,,2277,198,,2211,264,,2145,264,,2211,231,,2178,198,,2277,198,,2211,198,,2409,264,,2574,231,,2640,198,,2772,231,
New York,US,04/18/2020,727446,104346,,770784,106888,,785974,105338,,805628,100874,,819826,99386,,840844,99138,,863412,97712,,877176,99696,,877858,101308,,898132,100502,,918406,99820,,914190,98084,,926094,95976,,930496,95356,,939176,96224,,964410,94488,,964658,95480,,973524,97464,,976872,96782,,977616,97464,,963542,97216,,964100,96224,,960194,97464,,946492,98518,,928140,97774,,938308,95294,,924048,95728,,896148,95232,,882570,92690,,859072,94736,
North Carolina,US,04/18/2020,64500,4100,,62300,3800,,66000,3200,,60700,3800,,57300,3300,,53100,3200,,51500,3200,,48000,3300,,45900,3100,,40600,2900,,36900,3200,,34500,3100,,33100,2400,,29600,2600,,27600,2500,,26700,2500,,24900,1600,,23100,1800,,20500,1600,,21000,1800,,20700,1500,,19000,1500,,18000,1200,,17700,1200,,17100,1000,,17300,1000,,16900,1000,,17300,1100,,16200,1000,,17000,800,
North Dakota,US,04/18/2020,1007,0,,1219,0,,1166,0,,1272,0,,1166,0,,1007,0,,1007,0,,901,0,,1060,0,,742,0,,742,0,,689,0,,689,0,,477,0,,530,0,,371,0,,477,0,,424,0,,424,0,,477,0,,371,0,,371,0,,318,0,,318,0,,212,0,,159,0,,424,0,,265,0,,159,0,,106,0,
Ohio,US,04/18/2020,79024,7128,,87560,7128,,91960,6600,,88968,7040,,91784,7304,,94688,7744,,94512,7656,,95744,8096,,95480,8976,,100584,8976,,98736,8448,,104720,9064,,106392,8976,,110528,8976,,114312,9592,,120120,8448,,124344,8624,,129888,9504,,136224,9064,,139832,9592,,140360,9856,,151008,10736,,154704,10736,,161832,10824,,162712,11000,,165616,12056,,167816,12320,,174768,13112,,174416,13112,,178904,12936,
Oklahoma,US,04/18/2020,16478,1078,,16478,1155,,16016,1078,,15400,1078,,14322,924,,13398,924,,12012,770,,10395,770,,10395,770,,9933,616,,9856,693,,8932,539,,7777,462,,7623,462,,7007,385,,6699,385,,6622,308,,6391,308,,5852,308,,6237,308,,6314,308,,6160,385,,6083,385,,5698,154,,5775,231,,6468,154,,7623,231,,7777,154,,7546,231,,8547,154,
Oregon,US,04/18/2020,7668,468,,7632,468,,7236,504,,6804,468,,6840,396,,6588,504,,6120,432,,5832,612,,5868,468,,4788,468,,5400,468,,5364,432,,4752,432,,4464,360,,3960,360,,3924,324,,3708,324,,3816,324,,3528,252,,3384,216,,3960,324,,3348,324,,3276,288,,3528,252,,3420,252,,3312,252,,3024,252,,2700,252,,2880,288,,2916,216,
Pennsylvania,US,04/18/2020,175406,25996,,186930,25795,,186394,24790,,195573,26063,,197918,24388,,205154,23584,,213730,24924,,220028,24053,,224852,23785,,234031,23249,,246694,24120,,264516,22445,,281400,22512,,298016,25058,,316374,24254,,339891,23651,,355167,25594,,375535,25326,,398516,25594,,418951,28408,,441530,28877,,456002,30686,,469402,31423,,488765,34505,,501830,35577,,516168,35912,,507190,39329,,527826,39128,,529501,39664,,531042,43349,
Rhode Island,US,04/18/2020,1060,130,,1175,125,,1160,135,,1055,145,,1100,145,,1210,150,,1050,145,,990,125,,1000,140,,955,140,,935,145,,915,115,,940,135,,915,105,,930,120,,930,95,,880,105,,915,125,,935,70,,1000,75,,940,95,,975,70,,970,90,,975,95,,980,70,,985,80,,950,90,,1040,85,,1030,95,,1075,80,
South Carolina,US,04/18/2020,21988,1840,,21942,1886,,21896,1794,,21160,1886,,21022,1748,,20470,1656,,20884,1656,,18998,1656,,18676,1564,,17756,1702,,17388,1564,,16376,1518,,16560,1610,,16146,1518,,15594,1426,,15732,1334,,16238,1288,,15548,1518,,15962,1334,,16836,1196,,16376,1242,,17066,1334,,15456,1380,,16790,1242,,16790,1196,,15778,1288,,17112,1380,,17204,1472,,16698,1150,,16422,1012,
South Dakota,US,04/18/2020,22704,792,,23826,1254,,27126,1122,,25806,1386,,27258,1716,,25674,1782,,26664,1782,,27918,1914,,27588,2574,,29634,1980,,30558,2178,,31020,2310,,32010,2112,,32670,2244,,33594,2244,,34584,2376,,35376,2706,,34980,2706,,37686,2772,,37818,2772,,36432,2508,,35574,2970,,38082,2838,,37554,3234,,36828,3168,,36366,3102,,33990,3036,,32604,2970,,31218,2904,,30690,2970,
Tennessee,US,04/18/2020,51680,4845,,51300,4370,,52725,4370,,50635,4370,,48450,3895,,46835,3800,,49590,3895,,44745,3705,,43890,3990,,41990,3515,,42085,3040,,43605,3135,,40660,3040,,41135,3230,,42085,3135,,41990,3040,,40470,2850,,41800,3040,,42275,3135,,41420,3040,,44745,3515,,44650,3040,,48260,3135,,48260,2755,,48925,3040,,49400,3135,,50635,3325,,50350,3610,,54340,3610,,53960,3420,
Texas,US,04/18/2020,342646,37084,,338836,36576,,339852,35560,,337820,35560,,322580,33274,,316484,33528,,309372,30734,,312166,29718,,308864,28194,,311912,30988,,318008,27178,,323088,25908,,334518,26416,,339598,25146,,371856,23876,,393954,24638,,409194,24384,,429006,22606,,466090,24638,,465328,24384,,525780,28702,,559054,28702,,580136,28702,,608584,29464,,681990,34036,,699262,36576,,714756,36322,,772160,39370,,783590,45212,,832612,42164,
Utah,US,04/18/2020,6061,754,,6380,609,,6380,580,,6641,551,,6612,551,,6554,609,,6322,551,,6206,580,,6264,551,,6583,580,,6554,435,,6931,580,,6728,522,,6902,522,,6989,580,,7134,551,,7424,522,,6931,580,,7424,522,,7772,551,,7772,522,,8381,493,,8033,493,,8062,551,,8236,580,,8352,580,,8468,551,,8149,609,,8526,580,,8352,551,
Vermont,US,04/18/2020,1456,70,,1498,84,,1470,56,,1218,56,,1162,56,,1232,28,,994,42,,966,56,,896,56,,854,42,,728,28,,630,56,,588,14,,490,28,,448,14,,378,14,,420,14,,420,14,,378,14,,308,14,,322,14,,280,14,,252,14,,238,14,,182,0,,196,0,,210,14,,196,0,,168,0,,168,14,
Virginia,US,04/18/2020,156009,8246,,160265,8778,,167048,9443,,162659,9310,,164654,9177,,158669,10906,,156408,10773,,156807,11837,,152684,11438,,148561,12236,,144837,12369,,147497,11837,,147098,11837,,142709,11704,,141113,11305,,140448,11039,,141512,11571,,143906,11039,,140448,11172,,143773,11704,,144970,11438,,141778,11837,,140714,10773,,140980,11571,,139517,10241,,140448,10906,,136192,11438,,131404,11438,,132734,11172,,127813,11172,
Washington,US,04/18/2020,30147,2808,,30654,2535,,33540,2769,,33501,2808,,33150,2847,,32409,2886,,34359,3081,,34593,3120,,36348,3471,,36777,3393,,37869,3276,,41028,3159,,42159,3120,,44148,3510,,46449,3315,,46722,3159,,48633,3432,,52377,3549,,54717,3666,,57681,3666,,58422,4173,,60138,3900,,60762,4368,,62166,4134,,61191,4758,,65520,4251,,66027,4836,,66300,5031,,68874,4875,,67938,5265,
West Virginia,US,04/18/2020,3520,55,,3575,55,,3135,110,,3355,55,,3025,110,,2915,110,,2695,55,,2200,55,,2420,110,,2145,0,,2365,0,,2145,55,,1760,0,,1760,0,,2145,0,,1375,0,,1430,0,,1595,0,,1540,0,,1485,0,,1540,0,,1375,0,,1265,0,,1430,0,,1595,0,,1705,0,,1375,0,,1485,0,,1265,0,,1705,0,
Wisconsin,US,04/18/2020,29232,2592,,27720,2448,,27864,2376,,27144,1944,,26784,1944,,27000,2016,,24408,2160,,25920,2088,,23112,2016,,21888,2088,,22032,1872,,22176,1944,,20952,1800,,20232,1728,,20664,1800,,21816,1584,,22680,1728,,23112,1728,,22392,1584,,24048,1872,,23904,1512,,24480,1944,,25776,1440,,25632,1440,,27288,1656,,26352,1728,,28008,1800,,29376,2016,,28800,1656,,30168,1872,
Wyoming,US,04/18/2020,1196,0,,989,0,,1173,0,,920,0,,828,0,,828,0,,874,0,,805,0,,667,0,,713,0,,552,0,,644,0,,644,0,,552,0,,506,0,,460,0,,345,0,,345,0,,368,0,,276,0,,299,0,,276,0,,322,0,,253,0,,230,0,,230,0,,253,0,,299,0,,230,0,,207,0,
Alabama,US,04/21/2020,34036,1608,,35376,1340,,35912,1407,,36448,1407,,36180,1340,,34840,1541,,35711,1474,,34170,1474,,34036,1340,,35644,1340,,34773,1675,,35309,1608,,34438,1608,,35443,1742,,35376,1541,,37051,1742,,39463,2010,,40401,1809,,40401,1876,,41339,2010,,41138,2144,,44019,2144,,44689,2010,,45627,2881,,47972,2278,,45828,2948,,47838,2814,,47771,2881,,47235,3082,,47168,2881,
Alaska,US,04/21/2020,783,29,,696,0,,812,0,,841,29,,812,0,,580,0,,725,0,,696,0,,493,0,,464,0,,435,0,,348,0,,406,0,,232,0,,261,0,,203,0,,261,0,,290,0,,261,0,,232,0,,174,0,,145,0,,174,0,,87,0,,174,0,,58,0,,174,0,,58,0,,87,0,,58,0,
Arizona,US,04/21/2020,7245,525,,7455,540,,8220,600,,9285,585,,10125,555,,9915,555,,10740,705,,11235,810,,11520,870,,12165,900,,12840,900,,12975,915,,14040,975,,14175,960,,14970,900,,14685,1050,,15030,1035,,15045,990,,16005,1125,,15885,1065,,14835,1125,,15450,1095,,15195,1140,,14715,1215,,14715,1275,,14235,1305,,14115,1215,,14085,1140,,13545,1140,,12510,1230,
Arkansas,US,04/21/2020,15450,225,,16575,375,,17550,375,,16575,375,,15675,450,,15900,450,,16725,450,,15225,600,,15375,600,,13875,675,,13875,675,,12675,675,,11700,600,,11850,675,,12000,750,,11250,600,,10950,600,,10500,675,,9975,600,,9750,525,,9300,525,,8850,525,,8700,525,,8175,525,,8775,600,,7725,525,,7650,450,,7050,450,,7125,450,,6825,450,
California,US,04/21/2020,181714,15834,,202652,16124,,220052,16472,,242092,16530,,252242,17110,,262218,18038,,274688,19082,,286810,20300,,294640,22562,,306878,23780,,316912,24012,,335240,23780,,339300,25288,,351074,25114,,360876,25578,,362036,24302,,383380,25810,,375144,26970,,379842,26274,,385468,25578,,387788,26738,,385410,28014,,388716,27144,,389876,27666,,382104,28246,,377406,28362,,371664,28652,,366850,27028,,358324,26680,,350088,27434,
Colorado,US,04/21/2020,40128,3840,,42240,3456,,43904,3520,,44544,3456,,45312,3328,,46400,3712,,46784,3712,,44096,3712,,46016,3712,,46592,4096,,46720,4096,,46656,3904,,47232,3712,,47168,3392,,50432,3520,,51008,3648,,50496,3712,,52352,3584,,49536,3520,,50624,3584,,52480,3968,,51264,3456,,52160,3648,,49664,3840,,52544,3328,,51008,3584,,52160,3392,,49216,3648,,46848,3776,,45888,3264,
Connecticut,US,04/21/2020,15528,2152,,16008,2048,,16856,2016,,17344,2112,,17616,2104,,18296,2160,,18720,2128,,18968,2176,,19512,2216,,18960,2208,,19616,2136,,19544,2160,,19856,2040,,19632,2080,,19856,2072,,19496,1976,,20168,1904,,19568,1928,,20000,1824,,19960,1880,,19600,1920,,19064,1848,,18856,1744,,19032,1784,,18536,1784,,18600,1720,,17672,1704,,17480,1632,,17248,1632,,16928,1656,
Delaware,US,04/21/2020,1023,162,,1098,165,,1170,162,,1173,180,,1278,165,,1365,162,,1506,159,,1584,168,,1704,156,,1728,162,,1851,165,,1944,168,,2121,165,,2160,180,,2292,183,,2391,171,,2535,189,,2667,204,,2694,189,,2799,198,,2832,207,,2751,213,,2781,249,,2895,234,,2820,264,,2811,261,,2772,249,,2757,276,,2646,252,,2478,276,
District of Columbia,US,04/21/2020,249,23,,278,24,,263,26,,268,26,,287,28,,242,26,,250,30,,272,26,,271,29,,242,29,,234,27,,231,26,,241,28,,253,25,,220,24,,229,24,,235,19,,221,20,,226,20,,221,20,,198,17,,198,19,,182,17,,185,16,,185,17,,195,14,,186,13,,181,17,,174,14,,174,13,
Florida,US,04/21/2020,116245,15611,,118925,16214,,123615,15209,,124955,15008,,128305,15008,,126027,13936,,132258,13467,,131588,13668,,137752,13601,,138757,13065,,141571,13132,,149946,13333,,157517,13065,,159460,12730,,169510,11792,,180766,12060,,192960,12395,,190146,12730,,209442,13266,,221636,13802,,225924,13668,,240463,14539,,241133,14874,,254399,14941,,260630,15879,,266325,15879,,272221,18291,,279591,17018,,281065,17487,,289239,17889,
Georgia,US,04/21/2020,228324,13674,,234525,13674,,235002,13674,,236592,13992,,232776,13038,,228006,13674,,223236,12879,,222282,13515,,216399,14151,,204633,14151,,199386,14151,,201771,13197,,199704,13992,,196842,13197,,191595,11766,,195570,11766,,193185,13197,,191118,11289,,190164,10971,,194775,11607,,183009,11925,,181101,11448,,186984,11130,,184122,11607,,183168,11925,,186030,12243,,176331,11607,,167586,13197,,171084,11448,,168222,12879,
Hawaii,US,04/21/2020,175,10,,200,10,,160,10,,160,10,,150,5,,130,10,,135,5,,115,5,,80,5,,95,5,,70,5,,55,5,,70,5,,60,5,,50,5,,55,0,,40,5,,40,5,,35,0,,25,5,,20,0,,25,0,,25,0,,25,0,,20,0,,20,0,,15,0,,15,0,,20,0,,15,0,
Idaho,US,04/21/2020,3256,220,,3344,132,,3168,176,,2992,176,,3080,132,,3124,132,,3344,88,,3124,88,,2816,88,,3080,88,,2816,132,,2772,88,,2860,88,,2596,88,,2640,132,,2508,132,,2772,88,,2860,132,,3168,132,,3124,132,,3344,132,,3124,176,,3168,176,,3872,176,,4268,132,,4532,176,,4532,220,,3916,264,,5192,132,,4972,220,
Illinois,US,04/21/2020,328236,29070,,368934,28764,,396474,28764,,435540,29682,,448698,29784,,475728,29478,,475116,33966,,480930,35904,,500616,40596,,504594,38556,,523362,43044,,524484,41106,,537540,41106,,546312,42738,,539070,41616,,553656,42330,,564468,42534,,551004,41922,,562938,41106,,561816,41820,,538458,46104,,533970,39372,,526932,42534,,516120,41208,,491538,39678,,489906,42840,,477972,37536,,462468,41514,,453084,37128,,426870,39474,
Indiana,US,04/21/2020,89332,6256,,87308,5888,,89700,6624,,87492,6256,,85560,6256,,82432,5888,,78936,5612,,79304,5520,,77188,5796,,75992,4968,,74980,5152,,74520,4692,,71300,4784,,71944,4784,,74612,4600,,70748,4416,,72864,4600,,77096,4140,,77464,4324,,75532,4876,,76912,4692,,81236,4324,,80040,4508,,81144,4692,,81604,4968,,82248,4784,,81052,4416,,83904,4968,,81420,4784,,80960,5244,
Iowa,US,04/21/2020,38214,495,,37026,594,,37422,396,,32868,594,,33462,495,,31284,693,,29700,495,,27423,396,,22770,495,,22869,396,,21186,594,,18612,594,,18216,396,,15345,495,,14454,495,,14949,297,,12078,99,,13167,297,,12177,99,,11187,99,,10395,198,,10197,198,,9801,99,,9108,99,,8712,99,,8118,99,,8217,99,,8415,0,,8415,0,,7128,99,
Kansas,US,04/21/2020,14595,1050,,15225,945,,14070,945,,15645,735,,14490,840,,15225,840,,14805,735,,14385,735,,13860,735,,14700,735,,15015,630,,13125,525,,13860,630,,13440,735,,13335,735,,14700,840,,14700,630,,13755,630,,13230,840,,13230,420,,15015,735,,15855,420,,15120,420,,16170,945,,16380,525,,17010,735,,15435,840,,16695,525,,15855,735,,16170,630,
Kentucky,US,04/21/2020,40560,1080,,41280,960,,41520,840,,39480,720,,37440,840,,35160,1080,,35520,960,,33240,960,,34080,1200,,30240,1080,,28440,1200,,28080,1080,,25560,960,,25200,1080,,23400,960,,25920,960,,22320,960,,20880,1080,,21840,1080,,19200,1200,,22680,960,,20160,960,,19320,840,,20400,840,,21960,960,,19680,1080,,19080,960,,17280,720,,19080,960,,18600,840,
Louisiana,US,04/21/2020,61696,10240,,58304,9536,,55360,8768,,53312,7552,,51456,7552,,49216,6592,,44672,6400,,44416,5952,,42496,5120,,39808,5120,,41792,4800,,38016,4544,,37824,4096,,40192,3648,,35584,3584,,36928,3328,,36032,2944,,36544,2816,,37632,2944,,37952,3520,,40384,3200,,42944,2944,,42368,2624,,43456,2560,,48576,2560,,47552,3008,,52672,3392,,52864,3136,,55296,2880,,57856,3392,
Maine,US,04/21/2020,1552,48,,1536,32,,1504,48,,1408,32,,1520,32,,1264,32,,1232,32,,1056,16,,1072,16,,960,16,,768,16,,752,16,,752,0,,656,16,,528,16,,544,0,,512,0,,416,16,,432,0,,384,0,,432,0,,384,0,,368,0,,320,16,,352,0,,352,0,,304,0,,224,0,,304,0,,304,0,
Maryland,US,04/21/2020,30168,4272,,31416,4056,,31488,4056,,31680,3888,,32184,4200,,32208,4128,,33312,3672,,31872,3744,,31608,3864,,33864,3744,,34248,3504,,35904,3552,,35496,3264,,36024,3264,,37152,3264,,37824,2904,,39288,3096,,40416,2952,,41040,2832,,42840,2976,,42336,2760,,43896,3048,,45432,2952,,45048,3288,,46464,3192,,45648,3168,,47088,3336,,46584,3312,,46032,3120,,46584,3504,
Massachusetts,US,04/21/2020,50820,6636,,54866,6748,,56504,6734,,61054,6608,,60662,6902,,61544,6944,,65128,6846,,63826,7112,,65884,7392,,66374,7210,,67186,7238,,70574,6944,,68684,7014,,69860,6510,,69804,6384,,70462,6328,,70980,6342,,72338,6188,,71988,6104,,71106,6412,,71694,5964,,69776,5796,,69398,5670,,69188,5852,,67942,5852,,66528,5754,,64330,5586,,63476,5586,,60382,5418,,59654,5264,
Michigan,US,04/21/2020,150396,20252,,162431,18675,,162763,18011,,165585,15853,,165253,17430,,170316,16019,,166664,16434,,176541,16019,,171893,16268,,173802,15272,,171146,15521,,178118,15106,,182185,15023,,187331,14276,,188908,15189,,195714,14359,,191979,13695,,197042,14027,,200528,13529,,204595,14359,,204263,14276,,211069,13944,,213891,14027,,207583,14691,,217709,14857,,217128,15355,,213725,16185,,208247,14940,,208828,14608,,207832,15604,
Minnesota,US,04/21/2020,34104,1131,,33408,1218,,31407,1392,,28275,1305,,28014,1566,,26622,1392,,23664,1131,,21489,1044,,21228,1044,,20271,1044,,17835,870,,17313,696,,15486,783,,14529,870,,15051,609,,13572,609,,12876,522,,12006,435,,12267,435,,11136,435,,10875,435,,10788,435,,10092,435,,10353,435,,9483,348,,9483,348,,10527,435,,9657,435,,9309,261,,10005,261,
Mississippi,US,04/21/2020,34030,82,,35424,82,,34850,82,,34440,246,,31324,82,,30258,82,,28782,164,,27306,82,,24600,164,,23042,82,,20992,246,,18122,82,,16564,164,,14432,164,,13612,0,,12218,164,,11890,82,,11234,82,,10086,0,,9676,82,,8528,82,,8036,82,,7626,82,,7872,0,,7380,0,,6806,0,,6560,0,,6396,0,,6478,0,,5248,0,
Missouri,US,04/21/2020,60030,5060,,61985,5290,,61295,5175,,63480,4945,,63825,4600,,65780,4945,,62330,4600,,68080,4715,,69000,4370,,67735,4600,,73140,5290,,74865,4830,,75325,4830,,76590,4945,,82225,4715,,80500,5405,,84180,5520,,89125,5175,,89010,5060,,94990,5175,,101660,5750,,103730,6095,,105800,6325,,109365,6325,,121900,6670,,118105,7245,,119370,7360,,126500,7360,,123050,7245,,127075,7705,
Montana,US,04/21/2020,5376,0,,6496,56,,4984,56,,4928,56,,5320,0,,3696,56,,3808,56,,3472,0,,2912,56,,2968,0,,3192,0,,2240,0,,2352,0,,2184,0,,2128,0,,1512,0,,1568,0,,1400,0,,1288,0,,1176,0,,1064,0,,1232,0,,840,0,,896,0,,1120,0,,896,0,,896,0,,1008,0,,784,0,,1120,0,
Nebraska,US,04/21/2020,9300,186,,9393,93,,8556,93,,9207,93,,8556,186,,8556,93,,7719,93,,6510,93,,5394,93,,6138,93,,6417,93,,5022,93,,4650,93,,4185,0,,4371,0,,4092,0,,3069,0,,3534,0,,3069,0,,2511,0,,3069,0,,2232,0,,2232,0,,2325,0,,2511,0,,2790,0,,2139,0,,1767,0,,1953,0,,2232,0,
Nevada,US,04/21/2020,1887,374,,1819,323,,1802,255,,1700,255,,1700,204,,1802,221,,1921,187,,1955,187,,1955,170,,1717,153,,1734,204,,1717,170,,1751,204,,1836,187,,1700,170,,1751,187,,1683,153,,1649,153,,1632,170,,1717,187,,1819,136,,1785,136,,1445,136,,1751,153,,1632,136,,1547,153,,1615,153,,1445,170,,1598,170,,1445,153,
New Hampshire,US,04/21/2020,1750,170,,1790,190,,2040,170,,1840,170,,1980,180,,2040,160,,2090,190,,2040,180,,2030,190,,1960,200,,1970,210,,2070,190,,1960,190,,2080,230,,2060,180,,1950,210,,1950,190,,2050,190,,1880,190,,1840,160,,1990,190,,1980,180,,1870,180,,1780,180,,1900,170,,1680,170,,1620,160,,1610,170,,1510,150,,1420,170,
New Jersey,US,04/21/2020,103719,17430,,108717,16674,,111909,16506,,116571,15414,,117285,15036,,123018,14280,,123732,14112,,126546,14112,,129549,14175,,132762,13797,,135828,13629,,135072,12936,,138600,13020,,143619,12999,,143199,12264,,144417,12327,,148533,12012,,151431,12264,,150633,12075,,151683,12117,,154119,12012,,150675,12033,,153174,12033,,150948,12033,,149184,12327,,148428,12180,,143976,12012,,142044,12369,,138663,12012,,134736,11886,
New Mexico,US,04/21/2020,6402,396,,7458,429,,7524,363,,8679,330,,9801,396,,9570,396,,10065,495,,10890,561,,10989,693,,11319,693,,12342,627,,12276,627,,12936,726,,12738,693,,12771,924,,12771,693,,13926,825,,13167,759,,13068,924,,12672,825,,12540,957,,12045,924,,11814,924,,11385,957,,10824,1023,,10692,858,,10197,891,,9867,990,,9042,858,,9372,891,
New York,US,04/21/2020,728128,109988,,753796,112344,,779340,107508,,779030,105152,,800420,103106,,831048,101370,,833218,101060,,839170,99076,,841216,99944,,848036,94426,,855910,91140,,874324,89280,,882632,87544,,894660,84754,,907556,85560,,930868,80352,,926342,80290,,927768,77252,,934092,76446,,945624,76632,,942648,78492,,924110,75206,,931550,76508,,929070,76942,,926714,78678,,919646,78926,,910842,75144,,893978,72912,,858204,75826,,847540,73718,
North Carolina,US,04/21/2020,57900,1900,,58700,2000,,57500,2200,,53500,2000,,49300,1800,,48800,1900,,44400,1500,,41500,1700,,39500,1400,,35200,1400,,32900,1400,,29800,1300,,28200,1300,,25700,1000,,22300,900,,22200,900,,20600,900,,18700,800,,18100,700,,17500,600,,16700,500,,15200,600,,16200,600,,14300,600,,15500,700,,14400,600,,14600,600,,14200,500,,13700,600,,13800,600,
North Dakota,US,04/21/2020,2014,0,,2120,0,,2014,0,,1802,0,,1802,0,,1590,0,,1643,0,,1325,0,,1590,0,,1325,0,,1007,0,,1113,0,,1007,0,,795,0,,795,0,,689,0,,689,0,,689,0,,583,0,,424,0,,530,0,,530,0,,371,0,,318,0,,477,0,,318,0,,424,0,,371,0,,212,0,,265,0,
Ohio,US,04/21/2020,82984,6248,,86240,5104,,91080,5280,,88440,5280,,95304,5808,,92664,6160,,95656,5896,,92048,6248,,93720,6600,,95304,6600,,96272,6424,,99528,6688,,102080,6600,,103048,6424,,105424,6600,,109296,6512,,116600,7216,,119328,6952,,124080,7216,,127952,7744,,129888,7392,,129536,7304,,135256,7832,,138600,7656,,141504,7832,,140624,8448,,145200,8272,,143616,9504,,147312,9504,,145816,9504,
Oklahoma,US,04/21/2020,17710,616,,17864,539,,17710,539,,15939,462,,16247,539,,15939,385,,15631,308,,14630,462,,14168,539,,13244,462,,12628,462,,13013,462,,13937,462,,12936,462,,12936,385,,13167,539,,13321,462,,13860,539,,14630,462,,15015,539,,13706,616,,16016,693,,15785,616,,15631,616,,17479,616,,17094,462,,16555,693,,16401,847,,16940,770,,18557,847,
Oregon,US,04/21/2020,7596,324,,7956,324,,6948,288,,6912,360,,6840,288,,6660,324,,5868,324,,6156,324,,5724,324,,5220,324,,4824,324,,4896,288,,4500,252,,4608,216,,4248,324,,4644,252,,3816,216,,3996,216,,3780,216,,3888,180,,3384,216,,3420,180,,3528,180,,3420,180,,3024,216,,3240,216,,3168,180,,3204,216,,2952,180,,2880,180,
Pennsylvania,US,04/21/2020,183714,24053,,187466,23517,,197985,23785,,200531,23115,,204953,23048,,211452,22110,,222775,21976,,223847,23249,,236108,22914,,248503,23517,,260027,21507,,266660,21641,,275638,21574,,291115,21440,,306994,21641,,314900,20837,,330779,22847,,348735,21440,,359321,22713,,374463,22981,,389471,24321,,393223,25058,,399387,24388,,413390,26599,,422435,26130,,429872,28408,,435500,29413,,447292,29279,,443942,30083,,438247,31691,
Rhode Island,US,04/21/2020,3620,465,,3850,445,,4360,480,,4700,515,,5055,445,,5460,490,,5780,420,,6205,470,,6355,470,,6720,535,,6870,510,,7055,585,,7135,505,,7250,555,,7375,520,,7265,575,,7035,530,,7185,570,,7120,535,,6875,535,,7275,535,,7020,565,,6615,560,,7105,550,,6610,570,,6395,550,,6115,550,,5905,535,,5655,515,,5500,500,
South Carolina,US,04/21/2020,20884,1150,,20056,1104,,19918,1012,,19090,1058,,19044,920,,17434,874,,17618,920,,16606,874,,16882,874,,15916,874,,15364,874,,15548,736,,14490,828,,13570,920,,13800,828,,13662,690,,13754,644,,13662,690,,14720,690,,14996,690,,13800,736,,14490,644,,14674,782,,14352,782,,15134,920,,15318,782,,15548,828,,14904,874,,15318,690,,15502,966,
South Dakota,US,04/21/2020,17556,1452,,19140,1650,,18942,1584,,17820,1518,,18150,1584,,17952,1716,,18678,1650,,18876,1386,,18744,1452,,20790,1518,,20988,1518,,21714,1188,,23034,1188,,25542,1122,,27060,1188,,27786,1254,,31482,1320,,31152,1320,,32802,1518,,33594,1518,,38610,1518,,35442,1848,,37620,1386,,39996,2046,,38940,1848,,38412,2046,,38412,2310,,39600,2046,,39336,2574,,36696,2970,
Tennessee,US,04/21/2020,62700,4275,,66120,3610,,66025,3515,,70775,3610,,67640,3325,,69445,3800,,69825,3515,,67355,3800,,66690,3515,,69730,3990,,68210,3800,,67735,3990,,68685,3990,,68970,3705,,72865,4370,,73245,3610,,77710,3705,,82270,3420,,81890,3895,,81605,4845,,84835,4370,,85405,4085,,89870,4655,,92435,5415,,93480,4845,,97945,5035,,98895,5225,,100890,5985,,97375,5415,,100415,5225,
Texas,US,04/21/2020,391160,35306,,408686,33020,,421386,31496,,429514,31750,,441452,27940,,457200,30226,,443484,27432,,471424,29972,,466090,30480,,484886,30480,,493776,29210,,504952,29718,,528574,31496,,544322,30226,,576580,29210,,609092,29464,,638810,30988,,678688,30480,,700278,34544,,724408,32512,,762000,38862,,800100,36322,,857504,41910,,861060,38354,,934212,43942,,935482,45720,,984250,42418,,980440,48768,,1016254,51054,,1060450,51308,
Utah,US,04/21/2020,8526,493,,9599,522,,10092,580,,10672,580,,11484,580,,11513,696,,11629,696,,11861,667,,12615,725,,12847,812,,12528,754,,12934,812,,13050,870,,13224,841,,13746,725,,13949,870,,13717,754,,14094,812,,14413,754,,14326,899,,14471,870,,14500,812,,14355,812,,14761,870,,14964,928,,13543,870,,14268,841,,13427,812,,13456,783,,12818,870,
Vermont,US,04/21/2020,1372,28,,1176,28,,1218,28,,1204,28,,1022,28,,1064,28,,952,14,,784,28,,728,14,,630,14,,602,14,,476,14,,462,14,,406,14,,392,14,,350,14,,280,14,,308,0,,238,0,,238,14,,252,14,,266,14,,196,14,,210,0,,154,0,,182,14,,140,0,,154,0,,154,0,,112,0,
Virginia,US,04/21/2020,170639,8778,,181279,8645,,185934,9310,,183407,9044,,182609,8246,,184072,9443,,180481,9443,,175959,9576,,174363,10108,,166915,10507,,170240,9975,,160930,9975,,165452,10906,,167181,10773,,159866,9975,,157871,10108,,154945,10241,,154546,10640,,151620,9842,,145103,9842,,143241,9975,,138985,9044,,136990,9576,,134729,9576,,131936,10108,,126882,8911,,126350,9044,,123823,9044,,119833,8512,,116375,9044,
Washington,US,04/21/2020,23634,1911,,24219,1989,,25389,2106,,24414,2106,,24180,2067,,23283,2028,,23712,2262,,23751,2223,,23361,2223,,23673,2184,,23634,2262,,22776,1989,,22113,1872,,22854,1989,,23829,1716,,22971,1833,,23361,1989,,22308,1560,,22815,1638,,24141,1677,,25740,1677,,27105,1833,,26715,1560,,25584,1638,,26832,1872,,28197,1599,,28275,1716,,28860,1755,,31395,1872,,29601,1638,
West Virginia,US,04/21/2020,2695,0,,2640,0,,2585,0,,2530,0,,2420,0,,2255,0,,2255,0,,2200,0,,1815,0,,1650,0,,1650,0,,1485,0,,1485,0,,1210,0,,1155,0,,1265,0,,1210,0,,1155,0,,1320,0,,1265,0,,1100,0,,1210,0,,1210,0,,880,0,,935,0,,1045,0,,1045,0,,1210,0,,1045,0,,935,0,
Wisconsin,US,04/21/2020,33120,1440,,34056,1872,,35640,1368,,35496,1512,,34344,1584,,34488,1728,,34344,1512,,33912,1584,,36504,1800,,37152,1944,,36360,1800,,37584,1728,,39672,1656,,39384,1800,,39384,2016,,40896,1728,,43848,2088,,45072,1944,,45648,2304,,48312,2016,,49824,2304,,49968,2520,,51192,2088,,50040,2736,,51120,2880,,48528,2592,,52488,2952,,52128,2880,,50112,3024,,53280,3024,
Wyoming,US,04/21/2020,989,0,,1104,0,,1035,0,,920,0,,989,0,,920,0,,851,0,,782,0,,874,0,,690,0,,575,0,,483,0,,552,0,,506,0,,437,0,,483,0,,299,0,,322,0,,322,0,,368,0,,345,0,,345,0,,345,0,,322,0,,253,0,,276,0,,230,0,,276,0,,184,0,,276,0,
